date,selected_hour,selection_status,rr,tavg,rh,cin,kindex,li,tt,sweat,cape
2017-01-01,12Z,SELECTED,,28.2,83.9,-4.906,34.4,-4.51,42.2,219.162,2226.401
2017-01-02,12Z,SELECTED,26.9,26.5,87.4,-22.887,35.2,-2.955,41.5,223.381,921.164
2017-01-03,12Z,SELECTED,78.0,26.2,87.6,0.0,36.4,-3.317,40.5,277.368,1671.572
2017-01-04,12Z,SELECTED,33.0,24.7,92.4,-4.865,35.1,-0.752,39.0,294.56,397.409
2017-01-05,12Z,SELECTED,83.0,25.7,88.3,-15.811,38.0,-5.124,44.1,299.131,2064.721
2017-01-06,12Z,SELECTED,57.0,25.4,91.6,-77.053,28.8,1.688,35.5,271.14,198.461
2017-01-07,12Z,SELECTED,9.0,26.8,83.0,-5.754,21.1,-3.459,38.8,235.526,2168.771
2017-01-08,12Z,SELECTED,5.0,27.4,83.8,-5.786,26.2,-3.387,33.0,140.237,1713.096
2017-01-09,12Z,SELECTED,0.5,26.9,81.8,-13.457,32.7,-0.712,36.7,226.603,601.61
2017-01-10,12Z,SELECTED,0.0,27.0,79.5,-45.293,36.5,-1.664,41.4,223.272,551.84
2017-01-11,12Z,SELECTED,0.0,27.0,83.3,-68.084,26.7,-1.829,39.0,170.361,427.89
2017-01-12,12Z,SELECTED,6.0,25.7,83.6,-16.596,36.1,-3.253,42.2,215.497,699.801
2017-01-13,12Z,SELECTED,0.0,26.0,85.6,-9.68,35.4,-6.686,44.2,175.506,2834.941
2017-01-14,12Z,SELECTED,0.0,26.4,82.4,-46.951,30.6,-3.433,42.7,182.47,863.758
2017-01-15,12Z,SELECTED,0.0,27.0,81.7,0.0,33.0,-4.379,39.3,188.758,2500.038
2017-01-16,12Z,SELECTED,36.0,26.9,84.7,-11.764,16.7,-2.063,29.2,51.273,1005.118
2017-01-17,12Z,SELECTED,0.0,25.5,77.0,-41.631,27.5,-3.125,39.8,167.191,957.54
2017-01-18,12Z,SELECTED,0.0,26.6,75.5,-18.852,29.9,-3.013,42.2,184.455,1012.396
2017-01-19,12Z,SELECTED,0.0,27.0,78.8,-13.021,31.6,-4.866,42.1,195.696,2165.647
2017-01-20,12Z,SELECTED,0.0,27.5,68.8,-132.659,24.0,0.383,41.1,203.471,4.993
2017-01-21,12Z,SELECTED,0.0,27.0,76.9,-25.806,35.9,-4.552,46.6,199.506,1696.153
2017-01-22,12Z,SELECTED,52.0,26.7,87.3,-24.391,39.1,-3.519,44.4,225.247,1241.476
2017-01-23,12Z,SELECTED,50.0,25.6,85.0,-92.568,32.7,1.216,39.1,189.273,14.035
2017-01-24,12Z,SELECTED,0.0,26.2,80.9,-14.812,32.7,-2.466,40.6,196.753,701.944
2017-01-25,12Z,SELECTED,0.0,26.2,82.2,-23.957,27.8,-3.822,37.2,117.652,1542.769
2017-01-26,12Z,SELECTED,0.0,26.7,77.5,-5.989,34.0,-3.632,45.3,229.812,1487.435
2017-01-27,12Z,SELECTED,20.0,,85.8,0.0,36.3,-5.132,44.2,225.755,2182.131
2017-01-28,12Z,SELECTED,4.5,26.5,89.0,0.0,36.5,-4.338,44.2,217.599,2123.814
2017-01-29,12Z,SELECTED,37.0,26.3,87.8,-15.029,36.8,-4.408,43.6,212.066,1925.317
2017-01-30,12Z,SELECTED,0.0,26.3,85.7,-12.114,30.9,-3.915,40.4,176.732,1836.777
2017-01-31,12Z,SELECTED,5.4,26.3,86.9,-12.166,35.4,-4.008,43.6,188.68,1533.524
2017-02-01,12Z,SELECTED,71.0,25.7,83.4,-39.863,26.2,-3.154,43.1,200.107,944.894
2017-02-02,12Z,SELECTED,0.0,26.4,81.4,-0.754,26.7,-5.161,36.6,129.351,2558.168
2017-02-03,12Z,SELECTED,0.0,26.4,81.1,-0.013,31.7,-5.402,41.2,175.677,2416.896
2017-02-04,12Z,SELECTED,0.0,26.5,82.1,-2.869,35.4,-4.722,41.3,196.009,1997.683
2017-02-05,12Z,SELECTED,0.0,26.9,80.0,-10.727,33.5,-3.698,42.8,218.151,1071.37
2017-02-06,12Z,SELECTED,0.0,27.0,80.0,0.0,26.5,-4.918,34.6,115.669,2251.242
2017-02-07,12Z,SELECTED,39.0,26.4,83.9,-8.536,34.4,-4.554,42.4,229.433,1701.028
2017-02-08,12Z,SELECTED,4.3,25.5,88.5,-0.174,36.9,-5.732,45.3,225.071,1966.974
2017-02-09,12Z,SELECTED,30.0,26.8,84.7,-3.021,37.6,-6.709,45.9,220.017,2603.835
2017-02-10,12Z,SELECTED,0.0,27.5,82.4,-9.843,35.9,-4.968,44.4,197.562,1988.298
2017-02-11,12Z,SELECTED,17.0,27.1,85.1,-98.548,40.2,-3.637,47.6,232.245,1017.055
2017-02-12,12Z,SELECTED,0.0,26.9,81.9,-17.95,35.4,-5.49,45.4,220.904,2254.917
2017-02-13,12Z,SELECTED,0.0,27.6,83.6,-11.978,37.8,-6.02,45.6,244.813,2414.967
2017-02-14,12Z,SELECTED,0.0,28.1,80.9,-0.23,36.6,-7.013,46.3,226.043,2375.13
2017-02-15,12Z,SELECTED,0.0,27.9,81.6,-7.48,37.2,-6.197,46.6,221.927,2387.638
2017-02-16,12Z,SELECTED,0.0,28.2,78.3,-20.367,36.6,-5.724,44.9,201.468,2018.52
2017-02-17,12Z,SELECTED,0.0,27.5,80.6,-8.93,38.9,-5.554,46.8,241.135,2208.247
2017-02-18,12Z,SELECTED,0.0,28.0,82.4,0.0,37.9,-5.41,43.3,247.187,3002.32
2017-02-19,12Z,SELECTED,0.0,27.7,82.9,-3.105,37.9,-5.694,45.8,231.222,2815.732
2017-02-20,12Z,SELECTED,50.0,26.7,90.3,-83.687,38.6,-2.075,46.6,237.501,307.617
2017-02-21,12Z,SELECTED,0.0,26.0,86.8,-48.028,35.7,-5.274,44.6,170.975,2400.303
2017-02-22,12Z,SELECTED,1.0,27.0,85.1,-42.093,34.7,-3.066,41.4,186.593,1185.743
2017-02-23,00Z,SELECTED,27.0,25.0,91.6,-75.945,33.9,-1.188,43.7,238.618,178.938
2017-02-24,12Z,SELECTED,7.1,25.9,83.7,-34.933,34.3,-3.368,43.7,192.855,1132.633
2017-02-25,12Z,SELECTED,0.0,27.0,84.9,-9.283,34.8,-3.888,42.2,189.203,1868.66
2017-02-26,12Z,SELECTED,16.4,26.8,86.9,-13.254,37.9,-4.485,45.2,229.278,2158.708
2017-02-27,12Z,SELECTED,12.6,26.1,89.8,-5.714,36.4,-4.21,43.8,226.981,1649.136
2017-02-28,12Z,SELECTED,76.5,24.4,94.6,-19.02,36.3,-1.423,42.7,213.73,254.511
2017-03-01,12Z,SELECTED,0.2,25.6,84.4,-41.71,39.4,-4.383,47.4,223.708,2198.516
2017-03-02,12Z,SELECTED,0.0,27.1,86.8,-3.502,40.6,-4.705,45.9,223.337,2230.966
2017-03-03,12Z,SELECTED,18.3,25.6,92.4,-16.907,35.3,-4.95,44.6,202.676,1867.581
2017-03-04,12Z,SELECTED,0.0,26.5,85.8,-13.643,37.0,-4.257,43.6,226.981,1707.818
2017-03-05,12Z,SELECTED,0.9,26.7,85.6,-5.389,36.9,-3.581,43.7,228.586,1401.611
2017-03-06,12Z,SELECTED,35.9,25.5,91.1,0.0,28.4,-0.943,32.1,158.68,723.722
2017-03-07,12Z,SELECTED,92.1,25.8,84.7,-27.627,31.9,-5.375,41.0,189.097,2468.506
2017-03-08,12Z,SELECTED,0.0,26.7,82.8,-40.506,30.5,-4.469,39.2,140.934,2348.122
2017-03-09,12Z,SELECTED,0.0,26.7,84.4,0.0,26.2,-5.28,43.7,210.314,2613.412
2017-03-10,12Z,SELECTED,0.0,27.3,84.3,-5.716,32.6,-3.824,42.7,203.57,1781.021
2017-03-11,12Z,SELECTED,5.3,26.4,88.7,-49.629,36.0,-3.099,43.8,227.953,897.277
2017-03-12,12Z,SELECTED,0.7,26.4,82.9,-24.39,30.1,-5.097,42.2,154.017,1821.076
2017-03-13,12Z,SELECTED,0.0,27.5,81.0,-13.903,31.2,-6.558,44.3,181.962,2710.849
2017-03-14,12Z,SELECTED,0.0,27.8,83.3,-11.009,30.9,-6.635,45.4,203.699,2423.879
2017-03-15,12Z,SELECTED,11.0,27.8,81.8,-16.182,26.5,-3.45,35.2,130.735,1986.152
2017-03-16,12Z,SELECTED,0.0,27.0,82.3,-18.527,28.7,-4.371,43.0,198.847,1492.252
2017-03-17,12Z,SELECTED,0.0,27.6,79.3,-0.067,28.1,-4.721,41.2,161.883,1906.671
2017-03-18,12Z,SELECTED,1.0,27.7,82.3,-3.097,31.7,-5.775,45.4,203.79,2390.458
2017-03-19,12Z,SELECTED,0.5,27.5,85.8,-62.385,29.0,-1.82,41.5,215.868,724.592
2017-03-20,12Z,SELECTED,0.0,27.6,80.7,-41.158,31.1,-3.953,43.0,192.409,1489.317
2017-03-21,12Z,SELECTED,2.0,27.6,80.8,-8.691,29.5,-5.749,43.2,195.841,2467.734
2017-03-22,12Z,SELECTED,0.0,27.9,84.6,-20.542,25.5,-7.469,45.4,211.094,3332.09
2017-03-23,12Z,SELECTED,0.5,28.0,81.5,-21.836,18.9,-4.954,39.2,169.591,2721.797
2017-03-24,12Z,SELECTED,0.0,27.3,82.2,-54.592,22.5,-4.05,37.8,126.384,1496.535
2017-03-25,12Z,SELECTED,0.0,27.0,79.9,-2.856,31.0,-4.51,40.2,182.623,2145.214
2017-03-26,12Z,SELECTED,14.0,27.5,82.7,-10.256,37.7,-3.245,40.8,232.447,535.446
2017-03-27,12Z,SELECTED,81.0,26.5,86.5,-41.543,39.2,-4.028,45.2,212.478,1355.454
2017-03-28,12Z,SELECTED,28.0,25.3,92.0,-11.03,31.3,-4.366,41.8,158.714,1560.107
2017-03-29,12Z,SELECTED,0.0,26.9,83.1,-0.117,31.7,-3.558,40.5,196.668,1328.578
2017-03-30,12Z,SELECTED,0.0,27.1,81.9,-24.675,,,,,39.86
2017-03-31,00Z,SELECTED,0.0,27.5,83.3,0.0,,,,,0.0
2017-04-01,12Z,SELECTED,0.0,27.5,81.9,-6.791,34.1,-5.23,44.8,204.306,2147.037
2017-04-02,12Z,SELECTED,21.2,26.8,89.0,-4.309,32.2,-5.561,44.3,214.753,2202.958
2017-04-03,12Z,SELECTED,2.0,27.1,83.1,-7.728,30.8,-3.79,39.4,148.507,1152.32
2017-04-04,12Z,SELECTED,0.0,27.3,80.8,0.0,37.8,-9.479,43.5,218.986,5530.887
2017-04-05,12Z,SELECTED,3.0,26.5,87.0,0.0,33.6,-3.197,41.5,225.73,1558.661
2017-04-06,12Z,SELECTED,41.9,26.6,87.0,-12.493,37.6,-3.233,41.9,230.125,1472.689
2017-04-07,12Z,SELECTED,52.1,25.6,88.8,-8.99,32.0,-1.888,39.4,242.151,978.242
2017-04-08,12Z,SELECTED,27.1,25.7,89.3,-38.455,32.5,-3.21,42.4,216.155,1061.812
2017-04-09,12Z,SELECTED,0.0,27.0,83.1,-37.004,38.1,-4.532,45.1,227.876,1636.737
2017-04-10,12Z,SELECTED,36.1,25.9,91.4,-25.978,33.3,-2.484,42.0,239.751,703.34
2017-04-11,12Z,SELECTED,0.0,26.5,85.3,-10.608,36.3,-4.668,43.7,217.819,1306.317
2017-04-12,12Z,SELECTED,6.2,26.4,87.9,-40.394,35.3,-1.662,41.4,235.355,442.735
2017-04-13,12Z,SELECTED,8.0,26.8,85.5,-0.093,,,,,121.638
2017-04-14,12Z,SELECTED,21.0,28.1,86.6,-24.601,37.7,-5.935,46.2,224.022,2612.556
2017-04-15,12Z,SELECTED,55.0,26.4,89.7,-2.239,32.7,-3.001,40.1,200.765,1348.36
2017-04-16,12Z,SELECTED,3.0,26.6,87.1,-9.608,35.0,-5.703,44.8,207.416,2393.958
2017-04-17,12Z,SELECTED,0.0,27.7,83.9,-31.442,,,,,280.268
2017-04-18,12Z,SELECTED,0.5,27.1,87.5,-16.243,29.7,-4.933,44.0,222.586,1927.13
2017-04-19,12Z,SELECTED,0.0,27.4,82.7,-22.458,35.0,-5.416,43.5,200.968,2482.295
2017-04-20,12Z,SELECTED,0.0,27.5,83.0,-3.326,37.9,-5.991,45.8,221.165,2584.186
2017-04-21,12Z,SELECTED,4.0,27.5,85.9,-21.825,31.4,-4.703,40.6,174.137,2245.396
2017-04-22,12Z,SELECTED,0.0,26.9,83.7,-16.234,33.0,-4.375,44.1,200.25,1694.371
2017-04-23,12Z,SELECTED,0.0,27.4,83.6,-19.327,33.5,-5.169,45.8,196.657,2022.303
2017-04-24,12Z,SELECTED,0.0,28.0,85.6,-22.868,37.9,-6.899,47.8,217.734,2639.636
2017-04-25,12Z,SELECTED,14.0,27.2,88.3,-136.801,36.1,-0.775,42.6,202.87,127.393
2017-04-26,12Z,SELECTED,1.1,26.7,85.9,0.0,35.5,-5.133,44.4,223.296,1974.833
2017-04-27,12Z,SELECTED,9.0,26.8,85.5,-0.65,35.8,-5.639,43.8,217.127,2382.465
2017-04-28,12Z,SELECTED,86.0,25.7,93.1,-21.22,35.5,-3.275,43.4,207.281,762.527
2017-04-29,12Z,SELECTED,17.0,26.7,85.7,-42.458,34.9,-6.384,44.8,175.101,1838.847
2017-04-30,12Z,SELECTED,0.0,27.2,85.4,-12.482,33.0,-4.66,43.1,192.803,2294.279
2017-05-01,12Z,SELECTED,,27.3,87.8,-9.338,38.3,-4.122,43.7,235.135,1781.53
2017-05-02,12Z,SELECTED,11.0,27.1,86.2,-4.871,40.7,-6.177,48.6,227.857,2240.258
2017-05-03,12Z,SELECTED,2.2,27.2,89.7,-19.114,36.3,-3.982,41.5,198.306,2220.295
2017-05-04,12Z,SELECTED,1.0,26.9,85.9,-26.294,39.1,-3.849,44.9,242.133,1168.461
2017-05-05,12Z,SELECTED,1.0,26.9,86.4,0.0,,,,,0.0
2017-05-06,12Z,SELECTED,0.0,26.8,85.8,-11.86,40.6,-4.618,48.0,234.542,2137.427
2017-05-07,12Z,SELECTED,0.0,27.6,85.8,-3.301,35.3,-4.286,44.0,223.962,1762.396
2017-05-08,12Z,SELECTED,2.0,27.3,84.6,-12.318,33.0,-4.473,43.1,207.906,1948.457
2017-05-09,12Z,SELECTED,0.0,27.7,84.3,-6.176,32.6,-3.85,40.6,203.393,2013.098
2017-05-10,12Z,SELECTED,0.0,27.8,82.6,-0.013,40.2,-6.626,46.1,227.165,2649.62
2017-05-11,12Z,SELECTED,0.0,28.0,84.6,-15.844,35.6,-4.859,44.2,199.252,540.075
2017-05-12,12Z,SELECTED,0.2,27.9,84.0,-2.593,35.9,-3.997,41.8,218.19,2114.676
2017-05-13,12Z,SELECTED,5.4,27.3,85.3,-87.91,35.3,-3.936,45.4,208.186,654.281
2017-05-14,12Z,SELECTED,0.0,27.2,83.4,-18.333,32.4,-4.26,40.0,201.763,2237.133
2017-05-15,12Z,SELECTED,42.0,28.1,83.6,0.0,37.5,-5.424,45.7,227.876,1862.737
2017-05-16,12Z,SELECTED,0.8,28.6,81.6,-51.773,33.3,-5.143,44.0,219.587,1868.796
2017-05-17,12Z,SELECTED,22.0,28.3,84.5,-55.96,37.4,-4.243,44.0,252.155,1507.019
2017-05-18,12Z,SELECTED,40.5,27.1,90.9,0.0,37.0,-2.248,42.1,243.672,461.476
2017-05-19,12Z,SELECTED,1.1,27.1,85.1,-0.142,37.6,-4.029,41.1,223.905,2091.743
2017-05-20,12Z,SELECTED,99.0,27.8,84.3,-5.822,36.6,-3.899,43.9,233.191,925.056
2017-05-21,12Z,SELECTED,105.3,26.6,86.7,-44.915,38.9,-3.371,43.6,236.066,637.44
2017-05-22,12Z,SELECTED,2.2,26.8,85.1,-19.933,34.2,-3.268,41.8,224.185,695.688
2017-05-23,12Z,SELECTED,0.0,28.1,81.7,-38.484,31.5,-3.803,40.2,221.007,2094.035
2017-05-24,12Z,SELECTED,0.0,28.0,83.7,-46.338,35.1,-5.054,42.3,221.243,2441.243
2017-05-25,12Z,SELECTED,0.0,27.7,82.5,0.0,37.9,3.77,45.2,256.709,0.0
2017-05-26,12Z,SELECTED,5.0,28.6,85.8,-6.206,32.3,-5.762,44.2,226.219,2673.009
2017-05-27,12Z,SELECTED,0.0,28.3,85.6,-2.947,33.1,-5.357,42.0,231.273,2665.02
2017-05-28,12Z,SELECTED,5.0,27.4,84.2,-17.874,25.1,-6.307,44.0,220.559,2458.929
2017-05-29,12Z,SELECTED,0.0,28.2,83.4,-30.881,37.1,-4.84,45.0,222.788,1772.829
2017-05-30,00Z,SELECTED,0.0,28.4,84.0,-110.751,35.2,-4.075,46.5,225.019,1215.08
2017-05-31,12Z,SELECTED,58.0,26.2,88.7,-11.817,34.7,-0.132,39.4,230.211,138.412
2017-06-01,12Z,SELECTED,1.0,27.1,74.8,-57.246,27.5,-4.196,41.8,187.407,1358.83
2017-06-02,12Z,SELECTED,0.0,28.0,79.6,-8.134,28.3,-6.037,41.4,170.301,2648.103
2017-06-03,12Z,SELECTED,0.0,27.5,85.2,-17.912,23.1,-6.077,44.6,214.212,2414.258
2017-06-04,12Z,SELECTED,0.0,27.5,82.1,-51.695,25.3,-4.772,42.6,170.242,795.825
2017-06-05,12Z,SELECTED,0.0,27.5,82.8,-5.036,20.8,-5.945,43.1,215.725,2415.727
2017-06-06,12Z,SELECTED,0.0,28.5,74.0,-46.934,32.8,-3.423,42.8,193.845,640.829
2017-06-07,12Z,SELECTED,0.0,27.8,80.6,-29.81,,,,,162.384
2017-06-08,12Z,SELECTED,0.0,28.1,82.7,-0.03,34.0,-5.514,44.7,226.642,2955.542
2017-06-09,12Z,SELECTED,9.0,28.0,84.2,-17.748,34.1,-4.292,44.6,238.989,1650.48
2017-06-10,12Z,SELECTED,0.0,27.1,81.7,-11.938,35.2,-4.44,42.9,223.389,1623.873
2017-06-11,12Z,SELECTED,0.0,27.9,83.0,-35.755,,,,,393.391
2017-06-12,MISSING,NO_SOUNDING,11.0,26.9,86.2,,,,,,
2017-06-13,MISSING,NO_SOUNDING,2.0,26.7,82.3,,,,,,
2017-06-14,MISSING,NO_SOUNDING,0.0,27.5,82.9,,,,,,
2017-06-15,MISSING,NO_SOUNDING,0.0,28.0,82.9,,,,,,
2017-06-16,12Z,SELECTED,80.0,27.6,84.1,-18.993,34.8,-6.636,44.4,214.077,2866.934
2017-06-17,12Z,SELECTED,40.1,26.4,90.7,-43.353,35.0,-2.964,44.2,216.619,666.578
2017-06-18,12Z,SELECTED,7.0,25.5,87.4,0.0,35.4,13.708,44.6,151.931,0.0
2017-06-19,12Z,SELECTED,0.0,25.7,84.2,-0.569,30.5,-4.321,40.6,169.33,1548.141
2017-06-20,12Z,SELECTED,0.0,26.7,82.4,-30.374,30.3,-4.884,42.0,170.706,1520.661
2017-06-21,12Z,SELECTED,0.0,27.3,79.6,-45.828,,,,,17.331
2017-06-22,12Z,SELECTED,0.0,26.9,84.0,-27.023,24.4,-4.621,43.7,191.308,1828.746
2017-06-23,12Z,SELECTED,4.3,26.9,83.9,-2.096,32.9,-5.248,42.6,189.906,2360.164
2017-06-24,12Z,SELECTED,0.6,27.3,82.4,-9.68,34.2,-6.179,44.8,185.622,2313.451
2017-06-25,12Z,SELECTED,0.0,27.4,86.7,-1.209,34.5,-6.447,44.3,202.507,2528.266
2017-06-26,12Z,SELECTED,5.4,26.6,81.5,-6.816,40.0,-4.689,46.8,239.588,2263.673
2017-06-27,12Z,SELECTED,31.0,27.1,86.6,-37.973,37.3,-3.113,45.4,232.642,974.13
2017-06-28,12Z,SELECTED,0.8,26.3,83.3,-13.425,39.3,-3.982,46.2,223.252,1306.386
2017-06-29,12Z,SELECTED,18.0,26.7,84.5,0.0,31.2,-3.782,43.1,197.909,1201.585
2017-06-30,12Z,SELECTED,2.2,27.1,80.2,-33.026,25.5,-4.076,42.0,138.272,1050.789
2017-07-01,12Z,SELECTED,0.0,27.0,80.7,-7.88,33.8,-4.92,45.9,201.939,1564.274
2017-07-02,12Z,SELECTED,6.0,27.1,84.6,-4.283,38.1,-5.93,43.4,224.335,2906.274
2017-07-03,12Z,SELECTED,17.0,26.1,85.1,-66.544,29.7,-5.828,44.0,136.396,1985.073
2017-07-04,12Z,SELECTED,0.0,26.9,81.0,0.0,40.0,-6.668,48.8,230.511,2671.639
2017-07-05,12Z,SELECTED,14.0,25.0,93.6,-56.32,32.9,-3.384,42.0,172.245,998.601
2017-07-06,12Z,SELECTED,0.3,25.1,83.8,-6.542,38.1,-5.724,44.0,211.363,2507.322
2017-07-07,12Z,SELECTED,45.0,25.2,90.4,0.0,36.4,2.0,41.3,227.277,0.0
2017-07-08,12Z,SELECTED,12.0,25.1,83.1,-41.041,34.5,-3.239,41.8,216.985,1167.811
2017-07-09,12Z,SELECTED,0.8,27.0,81.7,-5.314,32.7,-3.028,39.0,189.097,1540.044
2017-07-10,12Z,SELECTED,0.0,27.1,82.9,-1.27,32.2,-4.79,40.3,184.219,2307.727
2017-07-11,12Z,SELECTED,14.0,26.4,84.3,0.0,29.2,-4.834,41.9,205.101,1974.045
2017-07-12,12Z,SELECTED,33.9,26.1,86.2,-18.101,32.4,-3.562,42.3,209.184,1583.929
2017-07-13,12Z,SELECTED,4.0,26.3,87.3,0.0,31.4,-3.557,43.7,227.471,1383.083
2017-07-14,12Z,SELECTED,2.2,26.5,84.0,-8.589,26.9,-3.576,42.6,205.322,1247.907
2017-07-15,12Z,SELECTED,1.0,26.7,83.0,-0.705,32.6,-4.573,40.3,183.24,2167.161
2017-07-16,12Z,SELECTED,5.3,26.6,79.2,-8.785,32.7,-4.719,41.4,166.219,1602.849
2017-07-17,12Z,SELECTED,0.0,26.8,79.2,-46.44,36.4,-3.894,43.1,194.335,1300.624
2017-07-18,12Z,SELECTED,2.0,27.1,84.0,-42.21,36.0,-4.598,45.8,218.301,1631.683
2017-07-19,12Z,SELECTED,0.0,27.3,82.3,-32.545,30.5,-5.449,41.2,175.661,1969.981
2017-07-20,12Z,SELECTED,0.0,27.3,81.4,-67.823,29.8,-3.866,38.8,147.273,1519.458
2017-07-21,12Z,SELECTED,0.0,26.4,80.1,-45.288,18.3,-4.842,40.2,122.504,1735.774
2017-07-22,12Z,SELECTED,0.0,26.5,79.8,-15.051,23.7,-4.602,38.6,142.735,1885.89
2017-07-23,12Z,SELECTED,0.0,26.8,81.8,0.0,30.0,9.531,43.7,179.368,0.0
2017-07-24,12Z,SELECTED,0.0,26.9,80.2,-39.471,20.9,-5.043,43.6,165.001,1594.963
2017-07-25,12Z,SELECTED,0.0,27.0,81.8,-11.125,37.6,-5.759,44.5,190.911,690.066
2017-07-26,12Z,SELECTED,16.0,26.6,87.6,-8.66,34.8,-7.012,45.1,196.937,2420.627
2017-07-27,12Z,SELECTED,0.4,26.6,84.9,-6.602,33.0,-5.338,46.7,210.417,1307.701
2017-07-28,12Z,SELECTED,6.0,27.5,85.0,-2.431,37.8,-6.036,45.9,215.622,2030.272
2017-07-29,12Z,SELECTED,53.2,26.3,83.1,-40.843,28.9,-3.204,41.0,185.733,835.372
2017-07-30,12Z,SELECTED,0.0,26.9,81.8,-0.373,31.3,-4.528,41.8,205.591,2245.285
2017-07-31,12Z,SELECTED,1.1,28.1,79.2,0.0,37.5,-4.544,41.6,231.071,2907.194
2017-08-01,12Z,SELECTED,10.6,27.6,82.5,-9.116,35.2,-3.857,39.2,202.466,1810.323
2017-08-02,12Z,SELECTED,0.0,27.6,80.1,-14.992,26.1,-2.717,35.4,161.681,1453.967
2017-08-03,12Z,SELECTED,0.0,27.0,82.9,0.0,34.5,-4.765,41.2,205.076,2070.84
2017-08-04,12Z,SELECTED,7.7,26.4,85.5,-15.111,37.0,-1.426,41.9,229.871,348.958
2017-08-05,12Z,SELECTED,1.0,26.8,81.7,-20.713,31.8,-2.285,40.0,212.589,900.539
2017-08-06,12Z,SELECTED,24.9,26.3,83.5,-27.797,25.3,-2.14,34.2,140.387,764.712
2017-08-07,12Z,SELECTED,0.0,26.7,78.5,-51.317,26.3,-3.589,41.0,139.76,978.29
2017-08-08,12Z,SELECTED,0.0,27.2,81.2,-3.401,28.1,-3.244,38.6,174.645,1563.624
2017-08-09,12Z,SELECTED,3.0,27.1,80.8,-20.073,34.3,-3.672,40.2,146.504,944.217
2017-08-10,12Z,SELECTED,0.1,26.8,80.0,-9.529,29.1,-4.059,39.4,153.711,1497.638
2017-08-11,12Z,SELECTED,33.0,25.4,88.6,-17.45,39.7,-2.752,47.0,226.212,258.512
2017-08-12,12Z,SELECTED,60.0,25.1,90.7,-24.087,37.6,-0.9,43.7,217.244,144.468
2017-08-13,12Z,SELECTED,5.0,25.6,86.4,-13.248,33.0,-4.532,42.7,183.914,2014.398
2017-08-14,12Z,SELECTED,6.0,25.9,88.7,-5.273,38.1,-1.417,43.7,220.878,451.892
2017-08-15,12Z,SELECTED,9.2,25.9,84.8,-2.705,38.7,-4.464,45.8,230.555,1228.137
2017-08-16,MISSING,NO_SOUNDING,11.0,26.0,84.5,,,,,,
2017-08-17,MISSING,NO_SOUNDING,0.5,26.1,88.5,,,,,,
2017-08-18,12Z,SELECTED,0.9,26.2,84.8,-15.86,39.3,-4.621,44.9,237.273,2314.665
2017-08-19,12Z,SELECTED,4.1,26.9,86.5,-23.37,38.4,-5.409,46.0,228.155,2108.249
2017-08-20,12Z,SELECTED,0.0,27.3,83.2,0.0,36.9,-6.534,48.4,254.107,2706.02
2017-08-21,12Z,SELECTED,155.5,25.2,94.0,-71.086,33.2,0.492,39.3,201.183,96.317
2017-08-22,12Z,SELECTED,2.0,25.3,84.0,-52.236,29.7,-3.934,42.6,170.817,1212.586
2017-08-23,12Z,SELECTED,0.0,26.6,83.0,-106.577,30.4,3.601,29.1,226.911,1184.206
2017-08-24,12Z,SELECTED,12.0,27.0,84.0,-1.297,32.6,-3.203,40.9,208.017,540.656
2017-08-25,12Z,SELECTED,0.0,26.8,83.2,-37.936,25.9,-4.409,40.2,133.539,1746.592
2017-08-26,12Z,SELECTED,0.0,27.2,83.6,-1.669,38.8,-5.009,44.9,215.883,2438.339
2017-08-27,12Z,SELECTED,0.0,27.3,86.8,-0.581,29.2,-6.137,43.5,218.276,3226.075
2017-08-28,12Z,SELECTED,20.0,26.4,88.5,-44.749,35.1,-0.276,40.9,231.455,81.965
2017-08-29,12Z,SELECTED,6.0,25.3,82.2,-14.873,30.5,-3.328,41.4,175.565,1360.541
2017-08-30,12Z,SELECTED,1.0,26.8,85.7,-52.249,35.8,-6.761,46.6,175.565,2377.588
2017-08-31,12Z,SELECTED,0.5,27.7,85.0,-10.939,36.1,-5.275,41.6,183.535,1942.093
2017-09-01,12Z,SELECTED,0.0,27.5,82.6,-8.542,31.8,-3.584,41.3,207.501,1633.517
2017-09-02,12Z,SELECTED,2.4,27.5,85.6,-3.111,35.2,-3.787,41.1,230.335,2511.004
2017-09-03,12Z,SELECTED,23.0,27.0,91.0,-0.155,39.3,-4.093,43.6,241.068,1908.448
2017-09-04,12Z,SELECTED,48.0,26.2,91.8,-0.653,36.8,-4.715,43.4,232.701,2101.544
2017-09-05,12Z,SELECTED,17.3,25.5,92.8,-29.788,36.7,-2.046,42.1,238.499,796.257
2017-09-06,12Z,SELECTED,7.9,25.0,91.9,-68.109,37.3,-1.552,42.9,213.333,162.766
2017-09-07,12Z,SELECTED,0.6,25.9,82.3,-6.663,33.4,-1.847,37.3,186.56,1115.174
2017-09-08,00Z,SELECTED,1.0,26.7,87.0,-123.024,38.8,-3.275,46.4,219.214,584.425
2017-09-09,12Z,SELECTED,86.0,,93.6,-95.829,39.0,-0.963,45.0,240.731,162.555
2017-09-10,12Z,SELECTED,30.5,25.0,87.8,-33.043,34.5,-4.468,40.0,179.041,1444.805
2017-09-11,12Z,SELECTED,0.0,26.2,82.8,-11.291,24.4,-4.917,44.1,235.33,2525.883
2017-09-12,12Z,SELECTED,0.2,26.6,88.4,-59.345,37.4,-2.386,41.8,195.686,728.585
2017-09-13,12Z,SELECTED,0.0,26.6,84.1,-7.293,36.8,-4.159,44.1,211.742,1627.565
2017-09-14,12Z,SELECTED,3.4,26.6,88.9,-1.225,32.5,-4.491,43.0,212.934,1815.658
2017-09-15,12Z,SELECTED,0.0,25.9,88.9,-59.123,32.6,0.136,40.5,205.558,109.775
2017-09-16,12Z,SELECTED,18.0,26.3,83.1,-149.182,27.1,-2.383,44.0,209.412,676.922
2017-09-17,12Z,SELECTED,0.0,27.1,83.6,-6.568,41.3,-7.252,48.7,246.417,2857.375
2017-09-18,12Z,SELECTED,12.0,27.5,88.1,-103.435,39.2,-4.365,46.8,219.527,1176.525
2017-09-19,12Z,SELECTED,13.0,26.1,89.3,-64.384,38.6,-0.97,43.6,226.937,371.111
2017-09-20,12Z,SELECTED,58.0,24.1,94.7,-27.763,31.3,-0.549,37.8,180.005,245.751
2017-09-21,12Z,SELECTED,0.1,25.1,83.9,-64.542,33.0,-0.63,38.9,209.437,572.883
2017-09-22,12Z,SELECTED,0.0,26.5,80.6,-12.195,32.8,-2.027,38.0,184.134,1285.759
2017-09-23,12Z,SELECTED,58.5,26.2,86.0,-32.312,34.5,-2.138,43.8,203.139,376.456
2017-09-24,12Z,SELECTED,0.0,26.6,81.0,-27.88,30.3,-3.007,45.4,218.765,413.326
2017-09-25,12Z,SELECTED,1.5,27.3,84.5,-6.059,36.4,-4.263,44.5,216.026,2256.356
2017-09-26,12Z,SELECTED,18.0,27.6,84.4,-0.269,34.9,-5.405,43.3,215.868,2540.856
2017-09-27,12Z,SELECTED,8.0,27.0,85.5,-31.64,30.9,-4.398,41.6,191.191,1954.444
2017-09-28,12Z,SELECTED,0.5,27.2,86.4,-35.768,37.2,-2.573,42.4,226.481,1343.142
2017-09-29,12Z,SELECTED,16.0,26.4,83.6,-19.219,35.1,-5.337,42.9,188.877,1545.151
2017-09-30,12Z,SELECTED,3.0,26.3,87.1,-19.637,35.0,-4.177,42.6,210.645,1621.418
2017-10-01,12Z,SELECTED,29.0,26.2,85.5,-26.751,33.2,-3.268,42.3,186.306,1057.733
2017-10-02,12Z,SELECTED,0.9,27.1,83.5,-11.172,33.0,-5.19,42.0,173.165,2104.175
2017-10-03,MISSING,NO_SOUNDING,2.1,27.2,82.5,,,,,,
2017-10-04,12Z,SELECTED,5.0,26.4,85.5,-4.904,34.2,-3.181,43.9,221.132,1095.588
2017-10-05,12Z,SELECTED,3.0,27.1,87.5,-7.676,36.3,-3.926,44.1,229.355,1664.138
2017-10-06,12Z,SELECTED,7.0,27.4,88.8,-32.719,36.4,-2.815,42.7,228.332,1106.885
2017-10-07,12Z,SELECTED,40.0,26.3,89.4,0.0,39.8,-3.068,44.7,230.799,959.488
2017-10-08,12Z,SELECTED,15.0,26.4,86.9,0.0,38.2,-3.788,42.5,234.873,1742.509
2017-10-09,12Z,SELECTED,93.0,24.9,94.3,-71.886,38.3,-0.721,43.2,271.122,35.306
2017-10-10,12Z,SELECTED,25.9,24.9,90.7,0.0,34.0,22.622,43.4,227.251,0.0
2017-10-11,12Z,SELECTED,27.6,25.6,89.2,-122.199,35.6,-2.666,42.4,203.751,542.331
2017-10-12,12Z,SELECTED,1.9,27.2,82.7,-15.309,31.0,-4.709,43.1,222.275,1821.503
2017-10-13,12Z,SELECTED,0.0,27.3,83.1,-24.219,33.0,-4.766,41.8,195.52,1940.828
2017-10-14,12Z,SELECTED,1.2,27.5,80.2,-4.635,25.5,-5.786,37.2,141.763,3082.019
2017-10-15,12Z,SELECTED,0.0,27.1,82.5,-9.645,34.1,-5.033,41.4,219.587,2444.552
2017-10-16,12Z,SELECTED,41.0,26.2,80.9,-80.998,28.5,-2.728,42.0,194.099,450.633
2017-10-17,12Z,SELECTED,0.0,26.6,82.6,-31.553,20.5,-2.92,37.0,160.963,1560.56
2017-10-18,12Z,SELECTED,0.0,26.3,81.0,-75.519,25.9,-2.941,38.4,160.447,841.661
2017-10-19,12Z,SELECTED,0.0,26.8,83.2,-6.736,25.3,-4.313,38.4,152.47,1624.673
2017-10-20,12Z,SELECTED,0.0,26.8,81.9,-13.102,26.0,-5.221,46.7,233.969,1793.528
2017-10-21,12Z,SELECTED,0.0,27.8,82.2,-30.854,33.7,-5.339,45.4,213.307,1986.885
2017-10-22,12Z,SELECTED,0.0,28.0,80.5,-14.023,26.5,-4.53,40.8,167.437,1761.74
2017-10-23,12Z,SELECTED,0.0,27.8,79.7,-47.61,21.3,-4.286,41.4,191.191,1711.483
2017-10-24,12Z,SELECTED,0.0,27.1,79.2,-68.418,21.9,-2.951,38.0,166.735,1193.703
2017-10-25,12Z,SELECTED,0.0,26.6,79.8,-23.878,23.7,-3.752,38.0,158.309,1832.09
2017-10-26,12Z,SELECTED,0.0,27.3,81.5,-1.554,29.5,-4.723,40.4,189.053,2162.467
2017-10-27,12Z,SELECTED,0.0,27.4,82.0,-41.414,34.2,-3.983,44.1,197.909,974.244
2017-10-28,12Z,SELECTED,0.0,27.6,80.1,0.0,32.2,-4.378,40.9,194.022,2222.802
2017-10-29,12Z,SELECTED,6.0,27.2,83.0,-1.851,34.2,-4.224,42.3,201.424,1673.707
2017-10-30,12Z,SELECTED,2.2,27.0,85.8,-5.855,35.7,-4.133,43.3,222.365,1908.723
2017-10-31,12Z,SELECTED,1.9,27.0,83.8,-4.581,33.1,-4.525,41.6,196.642,2344.883
2017-11-01,00Z,SELECTED,0.0,27.6,81.8,-178.711,35.8,-0.419,42.1,208.219,81.689
2017-11-02,12Z,SELECTED,17.2,26.0,91.2,-6.143,32.5,-18.907,54.7,227.386,2734.026
2017-11-03,00Z,SELECTED,46.9,25.3,91.2,-21.163,34.9,-0.897,41.3,229.153,253.28
2017-11-04,12Z,SELECTED,11.9,26.2,86.5,-15.101,36.6,-2.278,41.2,222.959,685.982
2017-11-05,12Z,SELECTED,2.1,26.9,84.8,-26.801,39.0,-3.93,44.9,239.987,1032.506
2017-11-06,12Z,SELECTED,0.0,25.4,83.1,-13.377,34.6,-4.663,43.4,222.907,1704.611
2017-11-07,12Z,SELECTED,39.0,26.0,91.2,-27.584,37.7,-1.709,42.4,252.521,340.496
2017-11-08,12Z,SELECTED,47.3,25.3,88.2,0.0,,,,,240.779
2017-11-09,12Z,SELECTED,7.7,25.8,86.3,-4.64,36.8,-2.16,42.0,226.847,447.514
2017-11-10,12Z,SELECTED,1.0,26.2,88.4,-10.085,32.4,-2.563,40.3,218.327,1106.646
2017-11-11,12Z,SELECTED,31.5,26.0,88.3,-5.23,36.9,-2.818,41.8,231.115,890.67
2017-11-12,12Z,SELECTED,17.7,25.0,91.8,-112.118,31.9,-1.329,41.3,203.015,163.755
2017-11-13,12Z,SELECTED,0.0,26.2,85.1,-19.404,34.6,-6.452,45.9,199.27,2287.005
2017-11-14,12Z,SELECTED,1.1,26.9,85.0,-39.951,34.9,-4.35,45.0,216.104,1732.75
2017-11-15,12Z,SELECTED,0.0,26.9,86.9,-11.929,37.5,-4.953,45.0,202.429,1646.414
2017-11-16,12Z,SELECTED,82.0,27.1,85.8,-33.34,39.9,-2.167,45.2,226.362,423.263
2017-11-17,12Z,SELECTED,29.0,26.4,88.2,-12.739,34.4,-4.483,43.5,216.391,1910.658
2017-11-18,12Z,SELECTED,18.5,26.7,88.0,-41.111,37.8,-2.744,44.6,216.822,444.037
2017-11-19,12Z,SELECTED,59.9,26.1,88.8,-17.377,34.0,-3.009,43.4,221.733,685.298
2017-11-20,12Z,SELECTED,0.1,27.0,84.4,-12.117,36.3,-5.205,43.5,217.625,2191.022
2017-11-21,12Z,SELECTED,14.8,26.7,87.0,0.0,37.0,-3.52,42.8,228.163,1408.923
2017-11-22,00Z,SELECTED,,27.2,88.2,-190.674,36.7,-2.371,46.9,214.904,137.34
2017-11-23,12Z,SELECTED,,,86.3,0.0,37.6,-2.682,41.5,223.076,1130.32
2017-11-24,12Z,SELECTED,6.9,25.5,88.4,-10.532,32.4,-3.124,40.5,214.499,1057.11
2017-11-25,12Z,SELECTED,4.0,26.6,88.2,-45.735,38.5,-1.028,42.8,266.008,169.505
2017-11-26,12Z,SELECTED,69.0,24.1,94.2,-35.586,36.9,-1.393,41.8,233.067,283.004
2017-11-27,00Z,SELECTED,56.7,24.3,94.2,-36.948,36.7,-0.529,41.9,243.216,101.37
2017-11-28,12Z,SELECTED,7.0,26.1,83.6,0.0,33.6,-2.841,40.1,286.826,1330.643
2017-11-29,12Z,SELECTED,40.0,25.4,91.8,-4.777,38.1,-1.502,42.5,299.992,400.003
2017-11-30,12Z,SELECTED,16.0,25.4,91.0,-24.663,30.8,-0.563,37.1,248.524,789.221
2017-12-01,12Z,SELECTED,13.0,26.3,87.1,-18.583,36.2,-2.284,39.9,250.095,1330.367
2017-12-02,12Z,SELECTED,5.0,26.0,90.0,-18.47,37.7,-3.468,42.2,245.007,1358.617
2017-12-03,12Z,SELECTED,22.0,25.2,92.3,-18.689,34.1,-1.188,40.3,239.075,359.432
2017-12-04,12Z,SELECTED,39.0,25.6,90.8,-77.317,33.1,-1.195,41.6,222.241,177.007
2017-12-05,12Z,SELECTED,12.0,25.5,86.9,-51.028,37.9,-3.022,44.4,228.933,449.573
2017-12-06,12Z,SELECTED,7.0,26.3,87.5,-68.42,34.5,-2.428,42.7,209.437,372.742
2017-12-07,12Z,SELECTED,0.0,26.5,84.9,-0.274,24.4,-3.662,39.9,210.409,1611.602
2017-12-08,12Z,SELECTED,0.0,26.6,84.1,-38.974,31.8,-3.726,41.8,200.724,1329.901
2017-12-09,12Z,SELECTED,2.0,26.6,86.3,-86.003,37.7,-1.847,43.9,212.047,257.929
2017-12-10,12Z,SELECTED,36.0,26.2,86.1,-15.564,34.2,-2.988,43.3,209.132,881.08
2017-12-11,12Z,SELECTED,0.0,27.0,83.0,-13.557,29.2,-4.448,37.8,150.534,2204.612
2017-12-12,12Z,SELECTED,0.0,26.2,83.1,-19.001,23.9,-3.116,36.6,127.161,820.201
2017-12-13,12Z,SELECTED,0.0,26.5,78.1,-51.74,35.9,-2.763,42.3,224.099,857.634
2017-12-14,12Z,SELECTED,15.0,26.7,84.2,-13.433,31.9,-4.417,41.8,183.535,1688.984
2017-12-15,12Z,SELECTED,0.0,26.7,80.6,-26.453,33.2,-3.429,42.1,213.984,1563.443
2017-12-16,12Z,SELECTED,3.0,26.5,88.9,-7.434,33.4,-3.214,43.8,219.789,918.698
2017-12-17,12Z,SELECTED,15.0,26.0,87.1,-29.143,38.9,-4.566,45.4,222.384,1739.944
2017-12-18,12Z,SELECTED,0.0,26.9,86.2,-4.404,34.4,-5.384,43.9,214.769,2381.027
2017-12-19,12Z,SELECTED,2.0,27.2,85.3,-2.761,32.3,-5.669,43.6,200.799,2230.462
2017-12-20,12Z,SELECTED,,,88.2,-7.167,32.6,-4.131,41.9,214.963,1785.405
2017-12-21,12Z,SELECTED,0.0,30.4,69.0,-3.586,34.0,-5.608,41.3,205.669,2395.955
2017-12-22,12Z,SELECTED,13.0,27.4,85.4,-3.69,38.6,-6.251,43.9,267.978,2963.666
2017-12-23,12Z,SELECTED,38.0,25.6,92.3,-0.418,39.4,-6.161,44.5,255.351,3033.865
2017-12-24,12Z,SELECTED,76.2,26.3,88.9,0.0,,,,,353.271
2017-12-25,12Z,SELECTED,34.3,25.2,93.3,0.0,36.4,-2.424,39.9,296.875,1502.553
2017-12-26,12Z,SELECTED,35.0,24.4,94.7,-30.761,34.5,-0.813,39.1,350.75,414.425
2017-12-27,12Z,SELECTED,0.3,25.9,85.7,-0.095,32.5,-1.317,38.9,374.692,1073.895
2017-12-28,12Z,SELECTED,0.0,27.4,83.0,-25.435,33.5,-3.251,39.9,214.051,2055.834
2017-12-29,12Z,SELECTED,0.0,27.5,84.5,-2.358,33.1,-6.874,44.4,203.124,3346.444
2017-12-30,12Z,SELECTED,2.0,27.1,89.1,-90.253,38.7,-1.411,43.3,233.243,339.612
2017-12-31,12Z,SELECTED,32.0,25.6,92.9,-12.519,38.4,-4.021,43.7,210.508,1534.969
2018-01-01,12Z,SELECTED,13.3,25.6,93.3,-32.944,33.6,-3.203,42.8,196.709,1310.354
2018-01-02,12Z,SELECTED,0.0,26.8,88.0,0.0,32.1,-5.053,41.0,192.822,2885.437
2018-01-03,12Z,SELECTED,8.2,26.5,89.2,-1.928,36.9,-4.11,44.0,244.753,1545.835
2018-01-04,12Z,SELECTED,10.1,26.5,85.1,-7.489,33.9,-4.723,42.4,204.881,1906.883
2018-01-05,12Z,SELECTED,3.0,26.6,86.5,-23.441,34.0,-5.314,41.8,214.727,2778.412
2018-01-06,12Z,SELECTED,0.0,26.5,85.3,-8.89,35.8,-6.446,45.5,206.724,2545.487
2018-01-07,12Z,SELECTED,0.0,27.1,85.5,-21.992,33.8,-4.543,42.5,203.36,1574.903
2018-01-08,12Z,SELECTED,0.5,27.2,86.2,-3.645,32.1,-5.706,40.7,198.163,3021.602
2018-01-09,12Z,SELECTED,14.0,26.1,85.8,-91.187,24.1,-1.706,31.2,85.433,393.006
2018-01-10,12Z,SELECTED,0.0,24.9,84.8,-26.915,26.7,-4.487,35.0,134.98,2289.375
2018-01-11,12Z,SELECTED,0.0,26.1,84.1,-22.26,21.5,-3.707,34.6,122.516,1471.965
2018-01-12,12Z,SELECTED,0.0,26.2,69.3,-49.834,14.1,-0.622,36.0,134.016,212.292
2018-01-13,12Z,SELECTED,3.0,26.3,82.4,-63.632,15.9,-4.48,37.4,115.415,1629.594
2018-01-14,12Z,SELECTED,0.0,26.3,85.4,-64.242,11.7,-2.794,34.8,89.479,1404.202
2018-01-15,12Z,SELECTED,0.0,26.6,81.1,-5.8,24.7,-3.255,40.2,189.247,1928.749
2018-01-16,12Z,SELECTED,0.3,26.8,85.9,-36.288,31.8,-2.665,39.7,182.022,1645.44
2018-01-17,12Z,SELECTED,0.0,26.7,89.2,-15.235,31.5,-5.206,40.6,161.614,2916.169
2018-01-18,12Z,SELECTED,0.0,26.7,86.6,-0.052,31.6,-6.21,43.5,189.939,2977.364
2018-01-19,12Z,SELECTED,0.0,27.1,85.9,-13.011,21.1,-4.519,39.0,157.278,2452.106
2018-01-20,12Z,SELECTED,0.0,26.8,87.5,-18.566,34.7,-4.897,42.8,205.33,2152.609
2018-01-21,12Z,SELECTED,28.0,26.5,81.8,-0.319,34.4,-3.193,42.8,217.441,850.154
2018-01-22,12Z,SELECTED,0.0,26.9,82.9,-16.215,32.8,-3.845,40.9,201.385,1464.84
2018-01-23,12Z,SELECTED,4.6,26.1,87.9,-21.668,35.3,-2.76,43.3,223.239,484.272
2018-01-24,12Z,SELECTED,50.0,24.2,92.9,-3.48,30.6,-4.818,40.6,201.403,1955.347
2018-01-25,12Z,SELECTED,0.0,25.7,87.0,-33.167,30.1,-4.347,39.6,183.535,2261.654
2018-01-26,12Z,SELECTED,0.0,26.5,80.6,0.0,26.5,6.465,41.2,202.93,0.0
2018-01-27,12Z,SELECTED,0.0,26.6,80.8,-67.071,31.6,-2.893,41.1,203.412,1180.052
2018-01-28,12Z,SELECTED,0.0,27.2,82.3,-20.393,37.0,-6.529,46.0,226.077,2793.489
2018-01-29,12Z,SELECTED,0.0,27.2,84.8,-70.887,23.1,-3.817,42.2,185.987,977.247
2018-01-30,12Z,SELECTED,0.0,26.9,85.4,-5.873,31.5,-4.52,40.5,189.789,2122.011
2018-01-31,12Z,SELECTED,0.0,26.8,81.2,-53.03,26.9,-0.892,37.2,189.755,798.217
2018-02-01,12Z,SELECTED,0.0,26.6,83.0,-30.334,23.1,-4.175,33.8,82.473,1901.939
2018-02-02,00Z,SELECTED,0.0,27.5,82.6,-216.635,28.9,-1.232,40.8,154.16,178.587
2018-02-03,12Z,SELECTED,0.0,27.9,83.1,-42.691,36.0,-5.012,44.0,213.442,2429.588
2018-02-04,12Z,SELECTED,0.0,28.6,80.7,-21.055,30.8,-5.722,42.1,194.022,2985.45
2018-02-05,12Z,SELECTED,0.0,29.6,73.4,0.0,34.7,-6.363,43.5,205.558,2571.65
2018-02-06,12Z,SELECTED,0.0,27.4,85.5,-15.216,36.0,-5.242,45.6,205.016,1792.174
2018-02-07,12Z,SELECTED,0.0,26.4,89.2,-0.38,37.5,-4.0,42.7,213.214,1281.036
2018-02-08,12Z,SELECTED,0.0,26.8,85.4,-1.34,35.1,-5.399,43.7,183.188,1526.439
2018-02-09,12Z,SELECTED,0.0,27.7,84.8,0.0,34.6,-7.343,44.8,189.704,2664.594
2018-02-10,12Z,SELECTED,8.0,27.0,89.3,-36.898,37.9,-3.309,45.3,228.907,1132.976
2018-02-11,12Z,SELECTED,0.0,26.7,85.7,-0.082,37.7,-4.983,45.1,217.363,1818.758
2018-02-12,12Z,SELECTED,16.0,,78.8,-61.442,33.3,-1.955,42.7,199.584,344.161
2018-02-13,MISSING,NO_SOUNDING,0.0,27.1,81.9,,,,,,
2018-02-14,12Z,SELECTED,4.3,27.3,84.3,-1.476,38.6,-5.032,44.1,221.901,2340.861
2018-02-15,12Z,SELECTED,195.0,25.8,88.5,-31.161,33.3,-3.797,43.5,217.221,1327.987
2018-02-16,12Z,SELECTED,0.0,27.1,81.8,-20.425,31.6,-4.73,40.8,170.107,1811.278
2018-02-17,12Z,SELECTED,34.0,26.8,86.1,-62.517,37.1,-2.652,44.9,228.697,439.636
2018-02-18,12Z,SELECTED,5.0,26.5,86.5,0.0,34.6,-6.953,45.4,200.216,2568.106
2018-02-19,12Z,SELECTED,36.0,26.8,87.7,-63.285,35.3,-2.592,45.6,228.56,484.646
2018-02-20,12Z,SELECTED,6.5,26.3,88.6,-0.94,34.0,-4.866,45.1,208.886,2035.616
2018-02-21,12Z,SELECTED,0.0,27.4,85.2,0.0,36.5,-4.915,42.9,211.032,2764.803
2018-02-22,12Z,SELECTED,0.0,27.5,83.2,-0.022,33.2,-5.283,43.3,208.422,2468.797
2018-02-23,12Z,SELECTED,64.0,25.7,87.1,-2.202,33.6,-3.768,44.0,187.506,1289.233
2018-02-24,12Z,SELECTED,0.0,27.0,85.0,-7.572,36.2,-6.509,45.5,208.279,3356.749
2018-02-25,12Z,SELECTED,12.2,26.8,89.7,-12.821,39.0,-4.728,44.4,200.732,2589.011
2018-02-26,12Z,SELECTED,0.0,27.0,85.8,-0.882,39.8,-6.553,47.6,242.309,3340.365
2018-02-27,12Z,SELECTED,11.7,27.0,88.7,-42.326,36.6,-3.919,42.5,204.399,2127.522
2018-02-28,12Z,SELECTED,1.3,26.7,86.8,-14.99,36.8,-5.322,45.1,218.029,2720.746
2018-03-01,12Z,SELECTED,27.0,27.0,86.8,0.0,39.7,-6.492,46.1,228.586,3258.664
2018-03-02,12Z,SELECTED,3.0,26.5,83.5,-9.743,33.8,-4.407,46.1,240.788,2453.13
2018-03-03,12Z,SELECTED,3.3,27.7,86.3,-4.201,32.3,-5.488,43.2,190.624,2908.836
2018-03-04,12Z,SELECTED,0.0,27.7,83.6,0.0,35.5,-4.571,45.6,227.088,2533.223
2018-03-05,12Z,SELECTED,48.1,26.2,91.0,-45.644,37.3,-2.892,44.7,221.393,853.276
2018-03-06,12Z,SELECTED,6.8,25.9,92.3,-1.778,37.1,-3.852,43.0,223.161,1860.828
2018-03-07,12Z,SELECTED,2.1,26.8,85.6,-0.867,32.4,-5.414,41.9,181.057,2907.162
2018-03-08,12Z,SELECTED,31.0,27.0,87.5,-116.777,38.4,-2.434,45.4,222.907,459.159
2018-03-09,00Z,SELECTED,5.0,26.3,89.9,-148.073,35.9,-1.497,44.6,216.358,220.077
2018-03-10,12Z,SELECTED,53.3,26.6,88.9,-0.864,38.3,-5.029,43.6,242.921,2074.107
2018-03-11,12Z,SELECTED,3.0,,83.0,-1.865,34.8,-4.024,41.3,211.068,2277.791
2018-03-12,12Z,SELECTED,0.0,27.7,82.6,-4.681,39.3,-6.872,44.9,233.691,3436.446
2018-03-13,12Z,SELECTED,9.0,27.6,86.0,-70.23,39.4,-0.053,41.2,249.509,1315.476
2018-03-14,12Z,SELECTED,11.0,27.4,84.0,-1.238,36.5,-6.565,47.6,244.051,2850.171
2018-03-15,12Z,SELECTED,0.5,27.8,83.3,-1.416,28.4,-6.68,45.1,203.158,3109.405
2018-03-16,12Z,SELECTED,3.0,28.2,82.7,-4.654,33.6,-5.995,44.9,216.796,3448.022
2018-03-17,12Z,SELECTED,0.0,28.1,81.9,-37.034,30.7,-6.145,48.4,222.086,2631.173
2018-03-18,12Z,SELECTED,0.0,28.0,84.0,0.0,37.6,-3.445,44.8,246.645,1794.87
2018-03-19,12Z,SELECTED,3.0,26.9,86.8,-43.715,33.4,-4.422,45.1,206.426,1962.04
2018-03-20,12Z,SELECTED,10.0,26.3,89.6,-15.328,31.6,-2.697,40.7,213.468,1191.584
2018-03-21,12Z,SELECTED,1.0,26.7,82.9,-81.065,31.7,-4.906,44.8,163.617,1056.876
2018-03-22,12Z,SELECTED,0.0,27.4,84.4,-1.796,33.2,-7.373,45.1,194.224,3548.93
2018-03-23,12Z,SELECTED,0.0,27.3,85.0,0.0,10.2,-7.347,38.9,203.209,4970.33
2018-03-24,12Z,SELECTED,47.0,26.4,87.6,-64.868,34.0,-2.833,42.7,208.937,1088.938
2018-03-25,12Z,SELECTED,15.0,26.0,88.7,-13.112,38.2,-4.421,44.2,198.998,1962.882
2018-03-26,12Z,SELECTED,67.7,24.7,93.8,-29.688,37.0,-0.102,42.5,232.525,28.861
2018-03-27,12Z,SELECTED,4.5,25.3,87.5,-20.696,32.4,-3.451,44.1,215.046,486.701
2018-03-28,12Z,SELECTED,0.0,26.8,85.8,-1.27,35.5,-4.25,42.0,196.709,2107.055
2018-03-29,12Z,SELECTED,6.0,27.3,84.6,-19.889,36.1,-4.73,44.1,224.159,1583.582
2018-03-30,12Z,SELECTED,20.2,25.1,91.5,-25.575,33.2,-2.781,42.0,187.109,696.566
2018-03-31,12Z,SELECTED,0.8,25.0,84.3,-60.71,40.9,-5.196,51.0,261.471,357.554
2018-04-01,00Z,SELECTED,0.0,25.8,81.1,-474.5,31.9,0.597,43.6,184.44,1.578
2018-04-02,12Z,SELECTED,17.0,27.0,84.5,-7.819,32.9,-3.649,41.4,167.334,1451.468
2018-04-03,12Z,SELECTED,0.0,27.0,84.1,-24.965,32.6,-3.972,42.3,193.05,1736.681
2018-04-04,12Z,SELECTED,0.0,27.3,81.6,-24.737,35.8,-3.801,44.7,237.991,1606.965
2018-04-05,12Z,SELECTED,0.0,27.3,85.6,-5.08,40.4,-5.43,46.7,238.186,2180.16
2018-04-06,12Z,SELECTED,7.0,27.3,88.8,-26.214,39.1,-6.011,47.5,234.358,2472.253
2018-04-07,12Z,SELECTED,0.0,26.8,88.6,-2.682,40.3,-4.514,46.0,234.796,2204.189
2018-04-08,12Z,SELECTED,0.2,27.2,87.7,0.0,33.4,-6.228,45.7,228.137,2732.715
2018-04-09,12Z,SELECTED,7.2,27.0,90.4,-19.41,40.1,-3.487,44.6,230.563,1308.034
2018-04-10,00Z,SELECTED,2.0,27.1,86.5,-180.909,34.9,-1.107,43.9,225.991,113.491
2018-04-11,12Z,SELECTED,0.0,28.0,85.7,-19.886,40.4,-5.505,47.0,248.53,2486.802
2018-04-12,12Z,SELECTED,0.2,27.4,87.4,-2.049,37.3,-6.72,46.1,241.609,3395.998
2018-04-13,12Z,SELECTED,7.0,28.0,87.0,-68.923,35.8,-3.77,43.6,250.637,1154.719
2018-04-14,12Z,SELECTED,0.0,27.0,89.8,-14.164,38.2,-4.752,46.0,250.989,1560.46
2018-04-15,12Z,SELECTED,28.0,26.9,90.0,-13.154,38.8,-4.256,43.8,236.732,558.859
2018-04-16,12Z,SELECTED,88.0,26.4,93.0,-16.054,38.0,-2.336,44.8,231.483,579.67
2018-04-17,12Z,SELECTED,13.0,26.4,88.2,-23.456,38.5,-3.394,42.8,229.472,1315.615
2018-04-18,12Z,SELECTED,3.0,26.8,90.1,-60.92,41.1,-2.645,45.2,241.016,878.915
2018-04-19,12Z,SELECTED,6.0,27.0,88.7,-15.383,40.6,-4.671,44.9,223.286,2217.256
2018-04-20,12Z,SELECTED,24.4,26.5,93.0,-24.781,36.2,-3.851,45.2,234.078,1581.347
2018-04-21,12Z,SELECTED,1.0,27.3,88.1,-10.101,38.2,-4.548,43.3,213.162,2042.934
2018-04-22,12Z,SELECTED,2.0,27.5,89.5,-86.297,37.8,-2.614,45.4,222.796,411.257
2018-04-23,12Z,SELECTED,3.0,26.2,93.0,-25.525,38.3,-3.175,44.3,219.39,664.12
2018-04-24,12Z,SELECTED,55.6,26.3,87.4,-20.685,34.5,-2.778,39.5,208.525,846.719
2018-04-25,12Z,SELECTED,0.0,27.2,86.3,-63.799,32.5,-3.509,43.2,228.155,1238.655
2018-04-26,12Z,SELECTED,0.4,28.0,81.1,-35.711,39.0,-3.19,43.9,239.471,946.214
2018-04-27,00Z,SELECTED,1.6,27.5,83.0,-195.087,32.9,-0.69,42.1,230.177,69.736
2018-04-28,12Z,SELECTED,0.0,28.1,81.7,-92.544,30.9,-3.171,41.8,198.13,1342.701
2018-04-29,12Z,SELECTED,0.0,27.7,82.4,-44.358,29.1,-5.323,42.8,185.614,2003.599
2018-04-30,MISSING,NO_SOUNDING,0.0,27.7,83.7,,,,,,
2018-05-01,12Z,SELECTED,0.5,27.7,87.5,-20.886,37.6,-6.283,46.3,217.506,2751.986
2018-05-02,00Z,SELECTED,,27.6,87.9,-173.148,35.9,-1.679,45.1,211.218,363.272
2018-05-03,12Z,SELECTED,0.0,27.2,85.4,-74.343,36.0,-3.185,46.1,210.373,930.008
2018-05-04,12Z,SELECTED,0.4,27.4,83.9,-26.545,34.1,-4.309,44.6,218.25,1972.192
2018-05-05,00Z,SELECTED,0.0,27.6,83.9,-143.282,30.2,-1.273,41.7,186.762,365.991
2018-05-06,12Z,SELECTED,12.0,27.4,85.9,-27.485,39.3,-4.696,44.7,227.883,1972.263
2018-05-07,12Z,SELECTED,25.0,27.2,86.0,0.0,41.8,-11.151,50.4,247.939,4879.221
2018-05-08,12Z,SELECTED,15.0,27.3,87.9,0.0,26.8,-8.84,45.1,243.696,5318.834
2018-05-09,12Z,SELECTED,0.0,28.0,86.0,-11.854,25.0,-4.639,40.1,220.473,2664.646
2018-05-10,12Z,SELECTED,2.0,27.9,87.7,-23.664,37.5,-5.97,44.5,229.355,2834.838
2018-05-11,MISSING,NO_SOUNDING,29.0,27.1,89.8,,,,,,
2018-05-12,12Z,SELECTED,9.2,26.6,90.3,-15.381,37.7,-5.583,43.5,225.999,3079.086
2018-05-13,12Z,SELECTED,0.0,27.6,86.3,0.0,34.8,-9.969,43.9,229.355,6838.586
2018-05-14,12Z,SELECTED,0.0,27.7,89.2,-35.517,36.9,-4.346,44.6,231.527,2028.766
2018-05-15,12Z,SELECTED,30.0,26.9,91.5,-14.244,39.2,-5.05,44.3,225.416,2583.309
2018-05-16,12Z,SELECTED,32.0,26.4,92.7,-161.797,38.6,-1.636,44.9,229.355,214.994
2018-05-17,12Z,SELECTED,2.0,26.8,87.8,-10.082,36.8,-6.974,45.6,223.498,3695.667
2018-05-18,12Z,SELECTED,34.0,27.0,91.0,-139.207,38.8,-0.563,43.9,240.384,119.49
2018-05-19,12Z,SELECTED,4.0,26.8,86.2,-10.905,36.2,-4.461,42.8,225.45,2115.377
2018-05-20,12Z,SELECTED,8.0,26.5,90.5,-1.732,34.7,-4.26,42.1,211.793,2019.461
2018-05-21,12Z,SELECTED,11.0,27.3,88.3,-12.894,36.0,-4.477,44.2,217.734,1831.325
2018-05-22,12Z,SELECTED,,26.9,90.6,-68.268,40.8,-2.721,45.1,233.85,717.638
2018-05-23,12Z,SELECTED,48.3,26.4,85.8,0.0,35.2,9.604,44.2,221.368,0.0
2018-05-24,12Z,SELECTED,6.0,27.2,87.1,-50.982,37.6,-2.857,42.9,206.68,881.996
2018-05-25,12Z,SELECTED,3.0,26.9,88.3,-0.022,36.4,-4.948,42.0,239.445,2680.3
2018-05-26,12Z,SELECTED,55.0,26.6,92.3,-5.232,37.7,-3.446,41.9,230.216,1692.067
2018-05-27,12Z,SELECTED,87.0,25.4,94.9,-64.678,37.3,-1.313,42.5,226.904,330.734
2018-05-28,12Z,SELECTED,0.0,26.6,87.1,-58.681,38.6,-6.591,46.2,199.962,3078.769
2018-05-29,12Z,SELECTED,49.6,26.7,90.9,-29.176,37.9,-4.42,44.4,210.847,1607.864
2018-05-30,12Z,SELECTED,0.0,26.9,89.0,-29.134,33.7,-5.112,41.9,200.242,2366.207
2018-05-31,12Z,SELECTED,0.0,26.6,87.2,-40.369,35.7,-1.283,41.6,217.837,254.612
2018-06-01,12Z,SELECTED,0.0,26.3,86.6,-60.284,27.5,-4.778,40.8,141.001,1607.065
2018-06-02,00Z,SELECTED,0.0,27.5,84.6,-281.314,29.7,-1.776,43.2,147.027,240.78
2018-06-03,12Z,SELECTED,0.0,27.3,83.5,-12.264,23.6,-5.778,43.3,202.642,2509.43
2018-06-04,12Z,SELECTED,0.0,27.8,84.6,-4.658,27.0,-5.021,40.9,207.755,803.938
2018-06-05,12Z,SELECTED,0.0,28.1,85.2,-5.998,24.7,-6.291,42.2,178.168,3175.105
2018-06-06,12Z,SELECTED,0.0,28.1,86.2,-23.533,35.4,-5.581,44.8,210.534,2119.101
2018-06-07,12Z,SELECTED,0.0,28.2,85.2,-14.884,27.7,-3.496,41.0,215.647,1641.172
2018-06-08,12Z,SELECTED,3.3,28.0,82.3,-35.032,29.8,-4.535,38.6,170.159,1562.544
2018-06-09,12Z,SELECTED,0.0,27.7,77.1,-12.552,27.3,-4.138,38.4,180.215,1656.092
2018-06-10,12Z,SELECTED,0.0,27.1,82.6,-82.82,22.9,-4.468,38.4,112.447,1304.069
2018-06-11,12Z,SELECTED,0.0,26.6,82.0,-36.887,26.1,-6.252,46.4,175.819,1562.34
2018-06-12,12Z,SELECTED,0.0,27.5,82.4,-29.243,28.1,-6.548,46.4,192.873,2159.392
2018-06-13,12Z,SELECTED,0.0,27.6,84.0,-121.761,37.8,-3.368,45.1,214.761,890.27
2018-06-14,12Z,SELECTED,17.0,26.9,87.4,-97.84,38.2,-3.263,47.0,223.819,482.63
2018-06-15,12Z,SELECTED,2.0,26.6,87.0,-33.824,32.9,-7.554,46.2,150.736,2637.922
2018-06-16,00Z,SELECTED,0.4,27.7,82.6,-36.0,36.9,-5.096,48.5,216.855,1291.505
2018-06-17,12Z,SELECTED,0.0,27.6,86.0,-14.624,35.9,-5.45,45.2,204.314,2410.51
2018-06-18,12Z,SELECTED,2.0,26.6,88.2,-33.505,29.9,-4.221,42.6,191.243,641.28
2018-06-19,12Z,SELECTED,0.0,26.9,80.7,-105.182,33.7,-2.955,44.0,175.506,716.504
2018-06-20,12Z,SELECTED,0.0,27.6,85.8,-0.686,35.1,-7.368,49.8,247.678,2855.464
2018-06-21,00Z,SELECTED,16.0,27.7,87.4,-162.733,33.7,-2.615,44.8,191.79,1103.223
2018-06-22,12Z,SELECTED,40.0,26.5,89.2,-98.227,40.0,-4.368,46.4,210.339,1241.711
2018-06-23,12Z,SELECTED,55.0,25.5,90.1,-1.913,39.7,-3.507,47.1,235.584,436.289
2018-06-24,12Z,SELECTED,57.0,26.2,83.9,-54.719,27.1,-4.059,38.4,134.96,1690.683
2018-06-25,12Z,SELECTED,2.8,25.8,88.0,-99.658,37.1,-1.445,44.0,206.421,168.306
2018-06-26,12Z,SELECTED,2.2,25.5,83.5,-15.039,34.5,-5.126,45.1,180.288,1910.733
2018-06-27,12Z,SELECTED,12.0,26.3,85.5,-35.636,34.9,-3.341,45.0,225.188,1438.102
2018-06-28,12Z,SELECTED,1.5,26.5,86.7,-117.23,31.9,-2.783,44.0,165.906,647.182
2018-06-29,12Z,SELECTED,1.5,26.0,87.0,-35.714,35.5,-4.1,43.6,181.734,1621.464
2018-06-30,12Z,SELECTED,2.0,25.9,84.8,-16.722,32.4,-3.73,42.4,171.939,1483.491
2018-07-01,12Z,SELECTED,0.0,26.3,82.5,-24.787,32.8,-5.106,43.6,172.657,2414.911
2018-07-02,12Z,SELECTED,2.0,27.1,85.2,-3.729,34.7,-6.061,44.4,180.627,2824.049
2018-07-03,12Z,SELECTED,11.6,26.9,83.3,-25.447,36.0,-5.317,44.5,182.486,1939.544
2018-07-04,12Z,SELECTED,0.1,27.2,83.2,-17.782,35.6,-4.65,42.6,191.603,2536.736
2018-07-05,12Z,SELECTED,0.0,26.8,83.4,-3.912,33.8,-2.898,41.3,193.311,1511.998
2018-07-06,12Z,SELECTED,0.0,26.7,82.6,-20.693,36.1,-4.656,47.7,209.342,1061.602
2018-07-07,12Z,SELECTED,0.0,27.1,82.6,-10.661,32.6,-3.768,42.9,206.418,1849.55
2018-07-08,12Z,SELECTED,0.0,27.1,85.7,-5.777,35.3,-5.187,44.2,220.963,2421.364
2018-07-09,12Z,SELECTED,30.0,26.8,86.7,-45.066,35.4,0.469,40.1,232.129,56.43
2018-07-10,12Z,SELECTED,32.0,23.9,92.5,-158.243,32.6,-0.058,43.1,199.33,59.154
2018-07-11,12Z,SELECTED,0.2,25.1,87.4,-15.265,25.1,-4.546,41.6,170.615,1440.022
2018-07-12,12Z,SELECTED,0.0,26.7,85.0,-34.22,24.2,-3.733,43.7,217.812,1321.297
2018-07-13,12Z,SELECTED,0.0,26.5,82.5,-35.86,28.7,-2.287,40.4,171.424,624.745
2018-07-14,12Z,SELECTED,0.3,27.1,79.0,-4.51,33.3,-2.446,38.6,168.111,981.737
2018-07-15,12Z,SELECTED,29.7,25.7,87.6,-19.988,26.5,-3.932,38.6,141.553,1047.198
2018-07-16,12Z,SELECTED,0.0,26.0,84.0,-30.972,22.9,-3.094,38.6,148.388,1084.462
2018-07-17,12Z,SELECTED,0.0,26.4,83.6,-17.069,27.5,-3.759,41.2,201.045,1307.373
2018-07-18,12Z,SELECTED,0.0,27.1,85.4,-4.268,34.3,-4.747,42.0,215.901,2267.716
2018-07-19,12Z,SELECTED,40.0,26.0,87.2,-228.364,38.4,-0.409,44.9,215.876,52.67
2018-07-20,12Z,SELECTED,10.0,25.4,86.9,-0.012,38.9,-4.841,45.4,250.637,1168.363
2018-07-21,12Z,SELECTED,6.0,26.4,83.7,-35.984,27.7,-4.495,40.4,157.076,1461.124
2018-07-22,12Z,SELECTED,0.0,26.5,85.5,-64.495,28.5,-4.58,42.6,153.644,1454.388
2018-07-23,12Z,SELECTED,0.0,26.8,83.8,-6.631,32.9,-4.595,41.0,175.514,2184.342
2018-07-24,12Z,SELECTED,2.0,27.3,84.7,-6.993,34.7,-3.941,41.3,184.937,1490.183
2018-07-25,12Z,SELECTED,0.5,26.9,83.1,-1.151,31.2,-4.032,40.6,193.337,1972.517
2018-07-26,12Z,SELECTED,0.0,26.8,82.4,0.0,33.2,-3.925,42.7,200.504,1615.777
2018-07-27,12Z,SELECTED,20.4,26.2,90.2,-48.069,35.8,-2.084,42.6,226.981,340.032
2018-07-28,12Z,SELECTED,0.0,26.1,83.9,-4.537,34.9,-4.629,43.1,225.012,1635.856
2018-07-29,12Z,SELECTED,5.2,26.3,88.9,-8.11,34.4,-3.29,41.8,215.437,1178.216
2018-07-30,12Z,SELECTED,0.0,27.0,78.8,-2.098,31.0,-3.648,41.2,190.533,1052.053
2018-07-31,00Z,SELECTED,1.0,26.9,80.5,-240.089,35.2,-0.791,44.6,193.643,89.546
2018-08-01,12Z,SELECTED,41.0,26.9,86.0,-83.977,40.0,-0.28,45.3,224.511,186.266
2018-08-02,12Z,SELECTED,2.0,25.7,87.1,-46.476,34.4,-5.56,48.5,213.939,1813.458
2018-08-03,12Z,SELECTED,0.0,27.1,83.7,-15.589,34.7,-4.672,46.6,219.027,1939.931
2018-08-04,12Z,SELECTED,0.0,26.5,87.7,-7.625,37.0,-3.182,43.5,222.873,912.076
2018-08-05,12Z,SELECTED,35.0,26.1,88.8,-19.0,33.7,-3.76,44.5,210.163,1208.874
2018-08-06,12Z,SELECTED,0.0,26.8,86.1,-6.161,32.8,-3.833,42.2,210.637,1631.23
2018-08-07,12Z,SELECTED,23.3,26.0,88.5,-50.506,33.4,-2.752,44.5,231.097,629.616
2018-08-08,12Z,SELECTED,0.0,26.4,84.9,-26.907,26.3,-4.829,41.4,199.265,1815.377
2018-08-09,12Z,SELECTED,0.0,27.2,83.6,-6.413,24.1,-3.566,40.2,196.237,1611.934
2018-08-10,12Z,SELECTED,0.0,26.7,79.2,-33.936,21.9,-2.481,37.8,169.322,883.71
2018-08-11,12Z,SELECTED,0.0,26.2,77.1,-7.25,26.3,-2.956,37.0,168.723,1386.715
2018-08-12,12Z,SELECTED,0.0,27.1,79.2,-8.152,29.1,-5.958,43.6,227.953,2929.018
2018-08-13,12Z,SELECTED,0.0,27.1,82.8,-2.468,19.9,-5.033,40.6,176.133,2059.514
2018-08-14,12Z,SELECTED,0.0,27.0,82.1,-0.01,25.3,-4.231,40.4,160.388,1828.838
2018-08-15,12Z,SELECTED,0.0,27.5,80.1,-19.412,34.8,-3.773,44.7,205.311,1202.794
2018-08-16,12Z,SELECTED,0.0,27.5,85.6,-9.489,31.1,-5.638,42.4,177.958,2540.924
2018-08-17,12Z,SELECTED,1.0,27.6,83.2,-19.087,32.0,-2.938,39.9,211.845,902.085
2018-08-18,12Z,SELECTED,5.0,26.9,83.5,-7.056,31.7,-4.173,42.8,211.355,1694.138
2018-08-19,12Z,SELECTED,0.0,27.4,75.0,-34.246,33.2,-1.396,38.6,185.725,442.82
2018-08-20,12Z,SELECTED,0.3,27.5,79.1,-4.419,37.3,-3.35,42.6,227.961,1179.391
2018-08-21,12Z,SELECTED,0.0,26.7,84.5,-83.494,35.0,-0.324,40.1,241.205,107.946
2018-08-22,12Z,SELECTED,9.7,25.0,88.4,-36.018,30.6,-2.537,42.5,221.101,414.661
2018-08-23,12Z,SELECTED,0.3,27.0,77.1,-56.234,30.3,-2.846,42.4,197.471,832.85
2018-08-24,12Z,SELECTED,33.9,25.2,90.0,-49.99,37.5,-1.808,44.0,203.251,430.501
2018-08-25,12Z,SELECTED,0.0,25.9,83.0,-43.276,29.3,-3.003,39.0,182.809,1404.049
2018-08-26,12Z,SELECTED,0.0,27.0,80.1,-10.436,23.3,-5.118,41.8,173.876,2176.639
2018-08-27,12Z,SELECTED,0.0,27.2,82.0,-3.228,33.1,-6.023,47.4,219.618,2315.102
2018-08-28,12Z,SELECTED,0.2,27.1,83.9,-18.841,33.9,-5.229,47.0,201.704,1500.884
2018-08-29,12Z,SELECTED,2.0,26.5,87.5,-32.701,,,,,242.365
2018-08-30,12Z,SELECTED,2.0,26.4,84.2,-39.511,33.9,-2.456,43.8,198.593,571.507
2018-08-31,12Z,SELECTED,39.2,25.9,83.2,-45.129,32.8,-3.644,43.4,185.479,1008.343
2018-09-01,12Z,SELECTED,0.0,26.7,84.6,-10.228,30.9,-4.865,42.4,171.281,2308.027
2018-09-02,12Z,SELECTED,0.0,27.3,83.4,-10.556,32.7,-4.837,42.6,158.765,1696.004
2018-09-03,12Z,SELECTED,0.0,27.2,81.3,-8.83,28.3,-2.755,40.0,183.789,1072.483
2018-09-04,12Z,SELECTED,11.0,26.1,84.6,-0.017,28.6,-2.415,39.5,199.389,1340.041
2018-09-05,12Z,SELECTED,17.0,25.4,86.3,-11.114,31.4,-4.122,44.5,208.481,781.392
2018-09-06,12Z,SELECTED,16.3,26.1,90.8,-92.583,34.1,-2.316,45.8,193.278,310.294
2018-09-07,12Z,SELECTED,2.9,25.8,86.5,-8.385,35.8,-4.583,45.0,203.655,1655.401
2018-09-08,12Z,SELECTED,1.3,26.5,87.4,-30.171,37.2,-2.426,43.0,201.711,708.946
2018-09-09,12Z,SELECTED,30.1,25.4,89.1,-67.671,34.3,-0.376,41.9,216.443,20.306
2018-09-10,12Z,SELECTED,2.0,25.7,83.6,-4.393,38.2,-3.433,43.9,225.333,1712.709
2018-09-11,12Z,SELECTED,0.6,26.9,86.8,-23.599,36.6,-4.493,44.3,224.218,2152.039
2018-09-12,12Z,SELECTED,2.0,26.6,88.3,-22.021,33.0,-4.064,42.6,195.273,1424.721
2018-09-13,12Z,SELECTED,3.6,26.4,90.8,-23.181,36.0,-4.364,43.0,181.793,1925.637
2018-09-14,12Z,SELECTED,32.8,26.0,90.3,-4.438,32.7,-4.923,44.0,218.765,2255.649
2018-09-15,12Z,SELECTED,0.0,26.8,85.5,-27.439,22.4,-2.961,40.9,212.706,1465.341
2018-09-16,12Z,SELECTED,0.0,27.1,83.8,-8.844,32.8,-3.239,40.6,207.476,1273.26
2018-09-17,12Z,SELECTED,0.0,26.2,85.2,-13.845,34.4,-3.784,41.4,178.414,1254.558
2018-09-18,00Z,SELECTED,92.0,26.7,86.8,-154.171,32.3,-0.55,42.9,202.186,110.109
2018-09-19,12Z,SELECTED,8.0,25.5,88.5,-29.526,34.4,-2.574,43.4,196.65,926.862
2018-09-20,12Z,SELECTED,2.0,25.2,90.0,-13.071,32.7,-3.176,42.8,193.135,1118.191
2018-09-21,12Z,SELECTED,0.0,26.6,88.4,-6.471,35.1,-5.957,45.6,209.106,2942.165
2018-09-22,12Z,SELECTED,69.0,25.9,91.3,-75.293,34.7,-1.766,43.0,192.814,373.086
2018-09-23,12Z,SELECTED,6.4,25.8,89.8,-19.333,37.7,-3.201,44.2,215.191,1048.571
2018-09-24,12Z,SELECTED,5.0,25.4,92.6,-1.572,33.8,-6.358,41.8,184.911,3394.115
2018-09-25,12Z,SELECTED,0.0,26.3,88.4,0.0,30.7,-4.281,41.8,213.906,2441.188
2018-09-26,12Z,SELECTED,35.5,26.2,91.0,-7.282,39.2,-4.664,46.6,222.137,1193.511
2018-09-27,12Z,SELECTED,11.7,26.4,88.7,0.0,37.8,24.926,45.1,230.022,0.0
2018-09-28,12Z,SELECTED,5.0,26.6,88.8,-37.401,35.1,-3.091,41.8,226.937,785.923
2018-09-29,12Z,SELECTED,0.0,26.7,88.2,-5.161,41.5,-7.17,49.3,259.363,3016.745
2018-09-30,12Z,SELECTED,0.3,27.0,88.8,-12.254,37.4,-4.104,42.3,221.655,2233.232
2018-10-01,12Z,SELECTED,0.3,27.1,88.5,-15.499,35.4,-4.899,42.6,231.273,2509.202
2018-10-02,12Z,SELECTED,23.8,26.6,91.0,-11.73,37.1,-4.853,43.7,212.96,2171.07
2018-10-03,12Z,SELECTED,8.2,25.9,92.7,-11.661,37.8,-4.259,43.8,217.742,2029.2
2018-10-04,12Z,SELECTED,32.4,26.1,94.5,-2.047,38.8,-4.942,45.3,217.311,1831.476
2018-10-05,12Z,SELECTED,0.0,26.6,89.3,-0.279,34.4,-5.814,43.7,213.229,3426.012
2018-10-06,12Z,SELECTED,13.0,27.1,91.9,-7.414,27.9,-4.556,41.0,199.558,2427.537
2018-10-07,12Z,SELECTED,31.0,26.6,91.2,-38.179,41.4,-5.421,48.8,226.414,1127.384
2018-10-08,12Z,SELECTED,53.0,25.7,93.6,-2.937,37.6,-4.366,44.6,218.055,1529.269
2018-10-09,12Z,SELECTED,29.0,25.8,92.9,0.0,35.1,-3.234,42.0,204.111,1169.85
2018-10-10,12Z,SELECTED,16.0,26.1,90.5,-69.378,35.6,-0.73,42.2,231.079,195.233
2018-10-11,00Z,SELECTED,86.0,25.3,94.0,-84.707,37.6,-1.108,44.0,225.105,136.812
2018-10-12,12Z,SELECTED,63.0,24.3,95.8,-1.539,33.4,-1.894,40.5,201.722,420.219
2018-10-13,12Z,SELECTED,0.0,25.3,90.0,0.0,29.7,-6.73,42.0,179.199,3377.947
2018-10-14,12Z,SELECTED,2.2,26.6,89.4,-6.532,37.4,-6.067,45.8,216.306,3271.794
2018-10-15,12Z,SELECTED,16.0,26.2,94.2,-3.239,35.4,-4.247,43.8,206.706,1936.319
2018-10-16,12Z,SELECTED,12.0,25.6,92.4,0.0,37.3,-4.897,45.1,216.07,2095.811
2018-10-17,12Z,SELECTED,36.3,25.7,89.3,-21.86,35.2,-1.414,42.5,208.676,352.837
2018-10-18,12Z,SELECTED,5.0,26.1,87.2,0.0,36.6,-6.562,44.8,192.762,3157.567
2018-10-19,12Z,SELECTED,5.0,26.3,88.2,0.0,33.6,-5.173,43.1,199.27,2400.899
2018-10-20,12Z,SELECTED,2.2,26.8,87.7,0.0,33.3,-6.86,45.6,206.706,3082.55
2018-10-21,12Z,SELECTED,9.2,26.5,91.5,-160.982,36.6,-1.728,45.6,221.479,326.322
2018-10-22,12Z,SELECTED,26.0,25.8,89.3,-90.484,39.3,-2.208,46.4,229.33,332.177
2018-10-23,12Z,SELECTED,2.1,25.8,92.8,-108.881,35.8,-1.935,45.1,198.822,331.724
2018-10-24,12Z,SELECTED,0.0,25.9,90.2,-7.2,33.8,-4.179,42.7,188.452,1820.419
2018-10-25,12Z,SELECTED,0.0,26.4,87.5,0.0,35.3,-5.672,42.6,207.229,3186.912
2018-10-26,12Z,SELECTED,6.0,26.6,89.0,-26.915,37.6,-4.375,45.4,222.645,1818.831
2018-10-27,12Z,SELECTED,34.0,26.3,92.5,-48.924,39.3,-2.335,44.5,223.793,439.975
2018-10-28,12Z,SELECTED,6.0,26.0,91.5,-0.074,35.8,-5.154,44.2,207.678,2356.718
2018-10-29,12Z,SELECTED,0.7,26.9,85.4,-2.027,35.9,-3.112,43.1,223.472,1287.276
2018-10-30,12Z,SELECTED,20.0,26.4,91.8,-68.669,39.2,-2.409,44.3,209.342,423.825
2018-10-31,12Z,SELECTED,30.2,26.6,91.6,0.0,35.4,-5.694,43.4,205.539,3073.085
2018-11-01,12Z,SELECTED,65.0,26.6,92.3,-102.062,38.8,-2.245,45.9,219.906,288.653
2018-11-02,12Z,SELECTED,18.0,25.4,94.4,-32.785,37.5,-1.471,43.7,224.825,325.697
2018-11-03,12Z,SELECTED,2.8,26.3,84.3,-46.545,37.7,-2.711,43.3,211.278,1188.123
2018-11-04,12Z,SELECTED,24.0,26.8,87.8,-6.479,39.0,-6.027,45.7,224.107,2642.059
2018-11-05,12Z,SELECTED,28.0,26.6,88.7,0.0,37.0,2.096,40.0,234.645,0.0
2018-11-06,12Z,SELECTED,34.0,25.7,91.6,-10.304,34.5,-3.603,40.7,206.732,1609.582
2018-11-07,12Z,SELECTED,0.0,26.8,86.6,0.0,35.4,16.536,42.0,203.334,0.0
2018-11-08,12Z,SELECTED,17.0,25.8,90.8,-5.864,35.4,-2.246,40.0,222.181,971.985
2018-11-09,12Z,SELECTED,21.0,25.3,90.5,-45.154,36.6,-1.328,42.6,218.361,113.892
2018-11-10,12Z,SELECTED,0.0,26.3,84.6,-26.129,33.2,-3.185,40.3,206.589,1530.112
2018-11-11,12Z,SELECTED,0.0,27.3,85.3,-18.515,35.7,-3.469,42.9,212.309,1044.132
2018-11-12,12Z,SELECTED,72.0,25.6,92.7,0.0,37.8,-0.802,42.1,253.467,219.92
2018-11-13,12Z,SELECTED,15.4,24.5,91.6,-16.359,34.9,-0.691,41.1,225.587,148.904
2018-11-14,12Z,SELECTED,8.0,25.1,87.9,-7.279,32.4,-2.937,41.5,207.958,865.504
2018-11-15,12Z,SELECTED,0.0,26.7,83.2,-96.456,30.8,-1.293,38.6,185.277,384.433
2018-11-16,12Z,SELECTED,0.0,26.9,82.2,-39.03,27.9,-2.37,37.6,177.299,1247.877
2018-11-17,12Z,SELECTED,0.5,27.2,86.5,-11.182,34.2,-4.873,44.7,226.753,1832.161
2018-11-18,12Z,SELECTED,2.8,26.7,87.3,-42.223,36.1,-3.596,43.6,208.963,897.843
2018-11-19,12Z,SELECTED,25.4,25.9,87.0,-27.331,36.9,-2.045,43.1,219.755,402.688
2018-11-20,12Z,SELECTED,3.0,26.0,86.2,-3.261,35.8,-4.399,43.5,209.85,1909.315
2018-11-21,12Z,SELECTED,1.6,26.6,85.1,0.0,32.3,-3.778,42.5,211.845,1321.532
2018-11-22,12Z,SELECTED,52.0,26.2,88.6,-15.537,34.9,-4.78,42.1,219.045,2267.455
2018-11-23,00Z,SELECTED,86.8,26.6,86.6,-45.239,35.8,-2.417,43.2,210.899,639.055
2018-11-24,12Z,SELECTED,0.0,27.0,81.5,-47.191,34.1,-2.51,41.8,200.851,642.222
2018-11-25,12Z,SELECTED,17.0,27.0,86.0,-24.586,30.6,-3.907,41.5,217.677,735.58
2018-11-26,12Z,SELECTED,14.0,27.0,86.5,-31.359,34.7,-2.339,41.8,213.307,629.957
2018-11-27,12Z,SELECTED,0.0,27.4,84.8,-0.911,29.2,-4.731,41.1,172.429,2132.564
2018-11-28,12Z,SELECTED,0.0,27.4,85.3,0.0,35.6,-5.438,45.7,221.85,2240.251
2018-11-29,12Z,SELECTED,12.0,26.9,90.4,-8.888,38.4,-2.759,43.4,229.584,844.138
2018-11-30,12Z,SELECTED,8.0,25.8,91.2,-13.308,36.7,-3.924,43.3,197.072,1446.899
2018-12-01,12Z,SELECTED,2.0,26.9,86.7,-5.413,32.9,-4.604,41.7,203.824,2208.77
2018-12-02,12Z,SELECTED,6.1,26.5,86.8,-0.015,34.7,-3.213,38.4,193.734,1635.39
2018-12-03,12Z,SELECTED,29.0,26.6,86.3,-1.903,37.4,-5.05,46.0,215.08,1743.854
2018-12-04,12Z,SELECTED,2.0,27.4,86.5,-10.586,36.5,-5.479,45.5,212.257,2269.916
2018-12-05,12Z,SELECTED,4.0,27.4,86.4,-18.209,34.8,-4.01,41.0,211.819,1802.188
2018-12-06,12Z,SELECTED,6.0,26.9,86.5,0.0,34.3,-4.732,43.3,208.16,1882.756
2018-12-07,12Z,SELECTED,13.2,26.9,88.8,-2.607,37.6,-3.611,42.1,223.076,1596.908
2018-12-08,12Z,SELECTED,0.0,27.0,87.4,-18.354,33.5,-4.183,41.4,175.775,2029.144
2018-12-09,12Z,SELECTED,0.8,27.3,85.0,-19.394,39.1,-5.052,45.9,228.078,2099.904
2018-12-10,00Z,SELECTED,34.0,26.7,90.4,-81.472,36.6,-1.645,44.6,215.393,265.837
2018-12-11,12Z,SELECTED,15.2,26.5,86.6,-0.21,37.2,-3.575,43.4,231.273,1342.72
2018-12-12,12Z,SELECTED,75.0,26.2,88.2,-62.063,34.8,-1.434,42.2,201.898,162.186
2018-12-13,12Z,SELECTED,7.0,27.1,87.3,0.0,39.4,-2.911,44.5,239.217,767.787
2018-12-14,12Z,SELECTED,60.8,25.5,83.0,-42.847,32.2,-2.598,40.0,171.266,623.388
2018-12-15,12Z,SELECTED,0.0,26.5,82.6,-18.652,27.9,-6.073,41.0,158.869,2429.243
2018-12-16,12Z,SELECTED,0.0,27.8,80.4,-21.947,34.8,-5.176,41.6,186.959,2185.274
2018-12-17,12Z,SELECTED,0.0,27.6,82.5,-76.344,33.5,-3.065,41.6,171.079,697.888
2018-12-18,12Z,SELECTED,0.0,27.8,80.7,-26.52,25.7,-4.884,36.4,158.98,2447.92
2018-12-19,12Z,SELECTED,0.0,27.9,81.6,-6.939,25.3,-4.544,41.4,219.063,2023.884
2018-12-20,12Z,SELECTED,0.0,27.6,81.9,-8.511,31.8,-3.721,39.4,164.478,1895.162
2018-12-21,12Z,SELECTED,0.0,27.2,81.1,0.0,31.0,-6.0,41.9,196.937,3436.749
2018-12-22,12Z,SELECTED,9.0,27.4,83.5,-21.368,40.8,-4.792,48.8,253.195,1576.261
2018-12-23,12Z,SELECTED,15.0,26.3,86.6,-8.043,31.6,-3.035,41.2,182.25,554.73
2018-12-24,12Z,SELECTED,0.0,26.6,80.2,-20.933,29.2,-3.617,41.5,189.67,1408.577
2018-12-25,12Z,SELECTED,8.0,26.9,83.0,-59.285,21.1,-2.032,30.4,85.501,654.923
2018-12-26,MISSING,NO_SOUNDING,0.0,26.2,78.6,,,,,,
2018-12-27,12Z,SELECTED,10.0,27.4,83.6,-44.148,32.9,-2.293,43.2,223.812,646.543
2018-12-28,12Z,SELECTED,0.0,27.4,80.7,-13.962,34.4,-4.371,44.0,227.64,1665.655
2018-12-29,12Z,SELECTED,8.0,27.2,82.8,-50.961,25.7,-1.672,38.6,136.904,244.09
2018-12-30,12Z,SELECTED,0.0,27.1,80.6,-18.835,33.6,-3.04,42.0,207.281,1331.685
2018-12-31,12Z,SELECTED,0.6,26.7,85.0,-16.217,31.9,-3.53,43.4,202.481,1174.158
2019-01-01,12Z,SELECTED,0.6,27.1,83.7,-11.068,33.9,-3.801,43.8,228.469,1218.636
2019-01-02,12Z,SELECTED,5.3,26.4,89.3,-10.878,31.7,-3.315,43.4,233.785,1015.65
2019-01-03,12Z,SELECTED,4.0,26.1,88.0,-13.238,33.7,-3.235,42.2,232.551,1081.532
2019-01-04,12Z,SELECTED,95.4,25.7,89.5,-17.459,32.3,-3.926,43.8,229.381,1001.616
2019-01-05,12Z,SELECTED,4.6,27.2,84.3,-17.72,33.2,-3.475,40.6,192.822,1312.67
2019-01-06,12Z,SELECTED,0.0,27.2,84.9,-7.468,35.5,-4.595,45.3,225.737,1427.666
2019-01-07,12Z,SELECTED,35.3,26.8,90.5,0.0,37.4,-4.451,43.8,231.73,1865.234
2019-01-08,12Z,SELECTED,2.0,26.7,88.6,-23.561,32.5,-4.639,46.2,216.365,1301.4
2019-01-09,12Z,SELECTED,0.0,27.4,87.1,-16.264,38.2,-5.811,47.4,236.268,2205.207
2019-01-10,12Z,SELECTED,0.0,27.8,85.4,-1.073,39.3,-6.16,46.2,223.819,2492.633
2019-01-11,12Z,SELECTED,0.0,27.5,86.9,-4.469,36.3,-5.878,46.8,231.73,2514.008
2019-01-12,12Z,SELECTED,11.0,26.3,91.8,-54.448,35.5,-3.78,43.3,184.37,1575.186
2019-01-13,12Z,SELECTED,3.0,26.2,90.1,-4.822,30.9,-3.956,41.6,187.573,1108.233
2019-01-14,12Z,SELECTED,21.8,25.9,90.7,-20.904,37.7,-2.016,43.7,219.509,395.562
2019-01-15,12Z,SELECTED,48.0,25.8,89.1,-17.627,34.0,-2.136,41.0,207.73,842.434
2019-01-16,12Z,SELECTED,13.0,26.3,88.7,-12.686,29.4,-3.413,39.9,184.219,1766.374
2019-01-17,12Z,SELECTED,0.0,27.5,83.2,0.0,35.3,-5.144,44.4,219.939,2666.811
2019-01-18,12Z,SELECTED,0.0,27.5,85.4,-2.099,36.4,-4.37,43.3,223.337,2433.398
2019-01-19,12Z,SELECTED,0.0,28.0,81.5,-9.453,33.2,-4.211,42.5,217.101,2001.797
2019-01-20,12Z,SELECTED,5.2,27.9,86.2,-58.31,39.7,-2.779,46.0,259.475,703.762
2019-01-21,12Z,SELECTED,46.9,25.5,92.0,-89.565,35.9,0.455,41.7,241.78,40.269
2019-01-22,12Z,SELECTED,1.0,26.3,79.1,-25.202,33.8,-4.447,44.5,206.597,1816.498
2019-01-23,12Z,SELECTED,0.0,28.2,83.0,-19.198,34.0,-6.825,45.7,218.843,3271.548
2019-01-24,12Z,SELECTED,0.0,27.7,82.6,-141.495,36.3,-0.285,43.2,198.347,49.173
2019-01-25,12Z,SELECTED,1.1,27.4,85.8,-40.085,33.9,-5.285,44.2,175.514,2561.31
2019-01-26,12Z,SELECTED,0.0,27.8,85.5,-48.662,32.6,-4.849,44.9,197.393,1965.172
2019-01-27,12Z,SELECTED,5.0,27.3,84.4,-49.526,38.6,-2.327,44.6,200.68,573.483
2019-01-28,12Z,SELECTED,1.0,27.4,79.9,-97.516,34.8,-2.645,41.6,176.081,1164.851
2019-01-29,12Z,SELECTED,0.0,27.4,84.5,-28.961,18.9,-5.042,43.6,205.532,2614.194
2019-01-30,12Z,SELECTED,0.0,27.8,83.7,-5.537,28.2,-5.027,43.7,220.735,2629.731
2019-01-31,12Z,SELECTED,0.0,28.1,85.8,-6.913,30.8,-5.46,44.7,206.486,2734.653
2019-02-01,12Z,SELECTED,0.0,28.1,81.9,-17.309,32.9,-2.594,42.6,216.829,1378.013
2019-02-02,12Z,SELECTED,0.0,28.0,81.2,-20.653,34.2,-2.599,41.9,223.016,1353.204
2019-02-03,12Z,SELECTED,66.3,26.9,89.1,-37.412,32.1,-1.573,41.6,200.739,941.549
2019-02-04,12Z,SELECTED,44.0,25.3,93.4,-102.897,37.8,-1.84,45.1,202.142,418.338
2019-02-05,12Z,SELECTED,0.0,26.1,87.4,0.0,37.3,-5.012,45.6,218.714,2503.46
2019-02-06,12Z,SELECTED,7.0,26.9,88.3,-23.755,39.4,-4.961,46.5,221.79,1766.214
2019-02-07,12Z,SELECTED,16.0,26.8,85.5,0.0,35.5,-6.015,44.9,190.403,2491.917
2019-02-08,12Z,SELECTED,3.0,27.4,85.1,-0.989,35.2,-3.888,42.6,194.646,1682.47
2019-02-09,12Z,SELECTED,0.0,26.9,86.7,-250.12,37.6,0.522,45.0,212.934,13.865
2019-02-10,12Z,SELECTED,39.0,26.6,92.6,-20.119,37.7,-4.565,45.9,206.486,1712.796
2019-02-11,12Z,SELECTED,7.0,27.3,91.4,0.0,,,,,109.901
2019-02-12,12Z,SELECTED,11.0,26.8,90.1,-59.811,34.1,-5.011,46.0,187.446,1671.516
2019-02-13,12Z,SELECTED,0.0,28.4,87.0,-19.283,31.3,-5.773,44.2,215.842,2588.369
2019-02-14,12Z,SELECTED,3.0,28.1,88.2,0.0,44.9,-6.836,50.8,291.027,2889.052
2019-02-15,12Z,SELECTED,32.0,27.0,93.6,-94.282,34.7,-5.11,45.0,174.534,1690.597
2019-02-16,12Z,SELECTED,36.0,26.5,91.2,-70.652,36.5,-2.246,44.3,227.217,467.653
2019-02-17,12Z,SELECTED,23.0,26.7,89.3,0.0,35.9,-6.269,44.7,213.012,2754.69
2019-02-18,12Z,SELECTED,0.3,27.4,86.9,-11.201,31.5,-4.105,41.2,169.337,1775.212
2019-02-19,12Z,SELECTED,0.0,28.1,84.6,-17.157,33.6,-3.538,44.1,215.883,1684.545
2019-02-20,12Z,SELECTED,2.0,27.7,84.9,-33.845,36.6,-4.569,47.3,217.05,1646.819
2019-02-21,12Z,SELECTED,0.0,27.6,86.0,-33.917,38.5,-4.839,44.4,229.187,2455.34
2019-02-22,12Z,SELECTED,8.0,27.7,89.9,-153.912,37.9,-3.013,45.6,208.701,738.418
2019-02-23,12Z,SELECTED,0.0,27.2,90.0,-135.248,40.3,-1.69,45.4,216.314,412.543
2019-02-24,12Z,SELECTED,1.0,26.8,89.2,-46.991,36.5,-4.676,45.4,200.68,1872.393
2019-02-25,12Z,SELECTED,0.0,27.4,89.8,-32.303,31.0,-5.23,44.7,223.389,2152.474
2019-02-26,12Z,SELECTED,0.0,27.7,84.7,-14.755,32.9,-5.284,42.4,223.355,2915.948
2019-02-27,12Z,SELECTED,34.0,27.7,88.8,-5.792,37.4,-5.44,45.7,219.704,1911.934
2019-02-28,12Z,SELECTED,28.0,27.2,92.0,-14.119,39.3,-4.483,43.0,230.504,2274.395
2019-03-01,12Z,SELECTED,67.4,26.8,91.4,-191.062,34.7,0.892,39.6,210.84,28.01
2019-03-02,12Z,SELECTED,10.4,27.2,88.2,-207.986,33.5,-2.645,46.2,216.104,656.212
2019-03-03,12Z,SELECTED,2.0,28.0,88.8,-12.077,36.6,-4.486,44.0,204.829,1837.165
2019-03-04,12Z,SELECTED,72.0,27.3,88.0,-25.165,33.8,-3.359,43.7,221.401,1503.222
2019-03-05,12Z,SELECTED,2.8,26.4,89.7,-72.551,28.9,-3.407,39.4,180.469,1376.533
2019-03-06,12Z,SELECTED,0.0,26.4,82.8,-23.439,28.3,-5.324,49.2,249.681,1877.401
2019-03-07,12Z,SELECTED,0.0,28.8,86.0,0.0,23.6,-7.245,44.5,204.189,3772.26
2019-03-08,12Z,SELECTED,0.0,28.0,84.1,-8.94,21.8,-5.898,47.1,215.368,2816.268
2019-03-09,12Z,SELECTED,19.0,27.8,90.3,-112.601,38.6,-2.065,44.6,238.279,758.619
2019-03-10,12Z,SELECTED,2.0,26.8,88.9,-17.666,30.8,-4.576,43.7,200.047,1685.241
2019-03-11,12Z,SELECTED,89.8,25.0,92.8,0.0,34.7,0.013,40.8,209.829,0.277
2019-03-12,12Z,SELECTED,0.2,25.9,86.7,-22.579,33.6,-3.484,45.4,212.447,458.462
2019-03-13,12Z,SELECTED,,27.8,79.3,-20.241,40.0,-5.617,50.8,291.079,1860.894
2019-03-14,12Z,SELECTED,10.0,28.0,87.2,0.0,37.9,-6.703,45.3,243.097,3656.702
2019-03-15,12Z,SELECTED,10.0,27.2,91.9,-158.648,37.7,-1.864,44.1,228.443,475.702
2019-03-16,12Z,SELECTED,0.0,27.4,89.2,-38.377,32.2,-5.634,46.5,209.184,1826.07
2019-03-17,12Z,SELECTED,0.0,28.1,85.4,-2.126,29.3,-6.553,44.8,216.731,2951.391
2019-03-18,12Z,SELECTED,0.0,28.2,83.0,-6.031,35.8,-5.193,44.6,214.676,2457.917
2019-03-19,12Z,SELECTED,0.0,27.8,87.2,-3.01,33.3,-6.345,42.9,190.904,3111.124
2019-03-20,12Z,SELECTED,0.0,27.8,84.3,-30.972,33.4,-3.489,41.8,172.65,1253.907
2019-03-21,12Z,SELECTED,17.0,27.7,88.7,-0.662,35.9,-4.248,41.5,226.955,1018.865
2019-03-22,12Z,SELECTED,16.0,26.7,88.6,-16.595,31.8,-3.895,40.9,214.44,2045.035
2019-03-23,12Z,SELECTED,25.0,27.7,87.8,-11.885,34.8,-6.061,43.9,209.393,2660.591
2019-03-24,12Z,SELECTED,62.0,26.0,93.5,-41.826,30.5,-3.529,41.6,189.501,947.987
2019-03-25,12Z,SELECTED,0.0,26.9,87.5,-3.73,37.5,-5.341,46.0,228.306,2059.446
2019-03-26,12Z,SELECTED,0.5,28.1,87.9,-2.045,38.9,-7.381,49.7,240.403,2989.291
2019-03-27,12Z,SELECTED,16.0,27.1,91.5,-83.892,31.3,-3.159,45.6,200.68,873.651
2019-03-28,12Z,SELECTED,1.0,27.7,86.3,0.0,36.6,-7.538,47.9,241.161,2788.862
2019-03-29,12Z,SELECTED,7.0,28.4,87.0,-3.489,34.8,-5.157,42.1,223.33,2631.852
2019-03-30,12Z,SELECTED,31.0,27.4,87.3,-6.166,33.6,-4.738,43.1,204.593,2168.741
2019-03-31,12Z,SELECTED,3.7,28.0,86.3,-24.93,37.7,-4.263,42.2,225.696,1852.854
2019-04-01,12Z,SELECTED,49.0,26.7,89.4,-16.437,34.6,-3.877,42.8,185.36,1383.453
2019-04-02,12Z,SELECTED,0.0,27.6,86.4,-0.074,34.5,-5.467,42.7,199.591,2291.701
2019-04-03,12Z,SELECTED,3.0,28.2,83.4,-28.882,34.0,-3.6,41.4,203.386,1634.449
2019-04-04,12Z,SELECTED,28.8,28.1,87.1,-2.03,33.8,-4.581,43.7,206.672,1579.793
2019-04-05,12Z,SELECTED,1.0,28.0,86.7,-26.678,37.3,-5.736,46.0,225.188,2243.77
2019-04-06,12Z,SELECTED,28.0,26.6,90.3,-82.707,33.7,-2.449,42.4,217.083,911.078
2019-04-07,12Z,SELECTED,0.0,27.4,89.7,-14.505,30.7,-5.384,43.0,202.818,2435.747
2019-04-08,12Z,SELECTED,0.0,28.0,87.5,-2.005,,,,,254.704
2019-04-09,12Z,SELECTED,0.0,28.0,86.4,-0.223,35.3,-6.2,44.9,200.46,2344.216
2019-04-10,12Z,SELECTED,8.5,27.2,93.1,-1.117,36.0,-3.009,41.8,230.04,1248.841
2019-04-11,12Z,SELECTED,3.3,26.4,90.4,-7.715,34.8,-2.081,40.5,220.989,662.673
2019-04-12,12Z,SELECTED,29.0,26.0,93.3,-42.025,34.1,-3.068,43.1,223.584,911.965
2019-04-13,12Z,SELECTED,0.0,27.5,82.9,-45.275,28.3,-2.975,41.8,179.655,983.337
2019-04-14,12Z,SELECTED,0.0,28.2,87.5,-5.916,36.7,-6.371,48.4,245.824,3099.534
2019-04-15,12Z,SELECTED,43.0,28.0,86.8,-30.274,,,,,193.949
2019-04-16,12Z,SELECTED,7.7,27.3,87.5,-106.388,36.3,-2.991,44.7,199.742,713.802
2019-04-17,12Z,SELECTED,2.5,27.7,87.1,-13.073,39.6,-5.259,45.3,238.642,2789.156
2019-04-18,12Z,SELECTED,0.0,28.4,89.4,-23.059,35.6,-3.714,40.6,198.272,1785.643
2019-04-19,12Z,SELECTED,0.0,27.8,86.4,-11.297,38.5,-6.956,46.7,221.393,2701.389
2019-04-20,12Z,SELECTED,1.0,27.9,86.8,-2.86,34.5,-5.421,45.2,216.822,2154.203
2019-04-21,12Z,SELECTED,30.0,28.1,87.8,-40.815,39.6,-4.156,44.9,229.775,1676.966
2019-04-22,12Z,SELECTED,6.3,27.0,94.5,-14.292,37.5,-3.194,42.6,223.252,1575.807
2019-04-23,12Z,SELECTED,1.0,27.0,92.1,-70.903,37.6,-2.476,43.3,231.299,206.496
2019-04-24,12Z,SELECTED,0.0,27.7,88.9,-29.281,37.3,-4.221,41.5,202.904,1807.923
2019-04-25,12Z,SELECTED,2.0,28.1,88.0,-34.927,37.0,-1.996,42.2,230.563,543.141
2019-04-26,12Z,SELECTED,2.0,27.2,90.6,-12.11,36.7,-2.261,42.0,247.923,456.911
2019-04-27,12Z,SELECTED,1.6,25.5,93.2,-95.726,29.1,-2.895,37.2,161.583,852.498
2019-04-28,12Z,SELECTED,0.0,26.8,89.1,-83.892,26.7,-4.805,41.2,140.418,1973.017
2019-04-29,12Z,SELECTED,0.0,28.1,87.3,-9.242,17.5,-5.143,41.4,177.704,2339.495
2019-04-30,12Z,SELECTED,0.0,28.2,88.5,-6.961,29.4,-5.638,44.5,218.791,2016.358
2019-05-01,12Z,SELECTED,0.0,28.5,85.0,-28.599,26.5,-5.235,42.4,169.786,1356.216
2019-05-02,12Z,SELECTED,0.0,27.7,82.6,-53.792,31.5,-4.298,44.8,189.457,1117.42
2019-05-03,12Z,SELECTED,0.0,27.8,83.3,-39.132,35.8,-4.48,45.6,199.05,1265.558
2019-05-04,12Z,SELECTED,0.0,28.7,83.5,-3.888,32.8,-5.955,44.7,223.076,2385.41
2019-05-05,12Z,SELECTED,17.8,26.2,93.9,-18.72,35.7,-3.828,43.3,230.327,1399.287
2019-05-06,12Z,SELECTED,11.2,26.8,86.8,-19.47,31.7,-3.121,38.3,199.591,1829.716
2019-05-07,12Z,SELECTED,0.0,27.2,83.8,-3.993,30.1,-4.23,39.8,196.963,2002.22
2019-05-08,12Z,SELECTED,0.0,27.6,85.6,-17.43,31.5,-4.905,39.8,179.386,2050.305
2019-05-09,12Z,SELECTED,0.0,28.1,79.4,-1.815,26.2,-4.01,41.3,210.873,1609.221
2019-05-10,12Z,SELECTED,5.0,27.9,85.5,0.0,19.7,-6.728,39.8,187.042,3499.1
2019-05-11,12Z,SELECTED,0.0,27.9,83.4,-38.727,19.0,-3.114,42.5,218.029,1498.962
2019-05-12,12Z,SELECTED,0.0,27.7,83.0,-5.074,31.3,-5.055,44.2,220.142,2718.093
2019-05-13,12Z,SELECTED,0.0,28.6,83.8,-87.711,20.1,-1.755,41.4,109.742,312.703
2019-05-14,12Z,SELECTED,0.0,28.9,84.6,-7.336,35.9,-5.321,46.0,238.937,2493.641
2019-05-15,12Z,SELECTED,13.0,27.9,91.0,-39.305,34.6,-2.402,42.3,204.28,739.948
2019-05-16,12Z,SELECTED,64.0,25.8,90.1,-26.269,33.8,-5.078,42.6,201.442,2042.884
2019-05-17,12Z,SELECTED,5.0,26.3,90.4,-11.092,34.5,-4.783,43.2,202.025,1834.997
2019-05-18,12Z,SELECTED,4.0,26.8,86.8,-6.186,39.6,-4.045,43.6,257.92,1960.193
2019-05-19,12Z,SELECTED,22.0,26.5,90.4,-6.234,35.8,-5.203,45.7,210.06,2404.607
2019-05-20,12Z,SELECTED,6.0,27.2,89.7,-45.925,38.6,-4.95,46.8,218.25,1532.787
2019-05-21,12Z,SELECTED,0.0,27.7,86.4,-74.218,36.9,-5.01,46.4,209.622,1690.402
2019-05-22,12Z,SELECTED,13.0,27.1,90.1,-25.811,38.3,-4.266,45.9,254.581,1534.177
2019-05-23,12Z,SELECTED,9.0,26.9,86.4,-9.853,34.5,-5.29,44.2,243.468,2662.548
2019-05-24,12Z,SELECTED,0.0,27.9,84.4,-74.615,18.3,-2.619,41.4,217.337,1239.902
2019-05-25,12Z,SELECTED,0.0,27.6,85.1,-22.388,25.0,-5.008,43.9,226.388,2470.2
2019-05-26,12Z,SELECTED,0.0,28.2,86.7,-28.742,33.4,-3.922,43.1,204.026,1669.731
2019-05-27,12Z,SELECTED,0.0,28.6,85.5,-21.641,32.0,-4.77,44.5,224.968,2347.683
2019-05-28,12Z,SELECTED,8.0,28.1,86.9,-121.659,38.4,-2.798,45.5,224.19,655.57
2019-05-29,12Z,SELECTED,7.0,26.8,90.8,-13.411,39.3,-3.899,43.9,216.086,1269.416
2019-05-30,12Z,SELECTED,41.0,26.4,88.4,-11.255,39.9,-5.561,45.9,237.73,2175.288
2019-05-31,12Z,SELECTED,13.0,27.6,89.4,-52.927,37.2,-4.414,44.5,221.139,1681.465
2019-06-01,12Z,SELECTED,65.7,26.3,94.2,-43.014,38.2,-0.75,42.4,224.537,113.98
2019-06-02,12Z,SELECTED,2.6,25.7,92.8,-32.905,37.5,-2.288,41.9,224.96,893.036
2019-06-03,12Z,SELECTED,15.5,26.0,91.9,-51.185,32.1,-3.461,42.6,191.647,1110.837
2019-06-04,12Z,SELECTED,1.0,27.2,88.9,-15.55,38.2,-4.169,43.5,216.542,2206.17
2019-06-05,12Z,SELECTED,8.0,27.7,89.6,-46.954,35.1,-3.928,43.3,204.534,1372.972
2019-06-06,12Z,SELECTED,0.0,26.9,90.4,-21.267,36.7,-3.213,43.2,220.904,1070.669
2019-06-07,12Z,SELECTED,0.0,27.3,86.6,-0.888,34.3,-3.57,43.4,210.803,1647.777
2019-06-08,12Z,SELECTED,2.0,27.2,90.3,-39.144,36.8,-1.654,42.9,222.56,382.287
2019-06-09,12Z,SELECTED,34.8,26.9,89.2,-29.385,37.7,-3.225,44.0,222.796,685.291
2019-06-10,12Z,SELECTED,1.0,27.8,88.0,-35.133,36.1,-4.655,45.1,218.732,1791.956
2019-06-11,12Z,SELECTED,20.9,27.5,90.7,-50.403,37.5,-1.434,42.4,217.539,479.791
2019-06-12,12Z,SELECTED,3.1,26.5,88.5,-50.398,28.1,-5.126,43.2,144.829,2096.654
2019-06-13,12Z,SELECTED,0.0,28.1,87.5,-23.701,32.6,-6.25,46.1,193.514,2403.314
2019-06-14,12Z,SELECTED,2.2,28.2,86.8,0.0,30.7,-7.151,43.6,167.85,2871.046
2019-06-15,12Z,SELECTED,5.0,27.4,87.9,-18.427,35.5,-4.367,42.6,201.704,1994.049
2019-06-16,12Z,SELECTED,0.0,27.4,86.5,0.0,35.5,-8.056,43.4,162.399,3523.426
2019-06-17,12Z,SELECTED,0.0,27.5,89.4,-6.079,41.1,-8.473,49.1,196.934,2846.864
2019-06-18,12Z,SELECTED,0.8,26.7,91.7,-56.531,36.8,-6.28,47.8,182.46,2073.33
2019-06-19,12Z,SELECTED,0.0,26.9,89.2,-37.856,38.6,-4.377,46.5,226.455,1667.216
2019-06-20,12Z,SELECTED,0.0,27.5,89.4,-40.548,35.7,-3.462,42.7,219.053,1368.916
2019-06-21,12Z,SELECTED,41.3,26.3,91.9,-56.808,36.5,-0.318,41.6,240.215,122.66
2019-06-22,12Z,SELECTED,10.0,25.6,91.9,-43.241,32.3,-3.698,42.7,219.097,922.526
2019-06-23,12Z,SELECTED,1.7,26.4,85.7,-27.789,30.9,-4.814,41.4,201.411,1703.622
2019-06-24,12Z,SELECTED,0.3,26.7,85.4,0.0,27.1,2.956,37.4,151.042,0.0
2019-06-25,00Z,SELECTED,0.0,27.6,82.7,-369.13,30.3,0.826,40.2,163.05,16.101
2019-06-26,12Z,SELECTED,0.0,28.4,80.5,-0.313,32.0,-4.714,42.0,198.697,1430.309
2019-06-27,12Z,SELECTED,0.0,28.0,84.1,-3.493,31.7,-6.116,42.2,174.189,2434.324
2019-06-28,12Z,SELECTED,0.0,27.6,85.0,-127.844,34.1,-4.03,48.0,224.672,852.452
2019-06-29,12Z,SELECTED,6.0,27.4,89.2,-37.602,38.4,-2.67,43.6,249.613,1090.481
2019-06-30,12Z,SELECTED,7.0,26.5,88.1,-19.702,31.0,-4.724,40.8,157.584,1521.188
2019-07-01,12Z,SELECTED,0.0,26.9,88.3,-32.231,34.1,-5.71,42.8,197.868,2461.311
2019-07-02,12Z,SELECTED,1.0,27.3,84.0,-9.427,24.5,-4.158,40.2,177.763,1977.451
2019-07-03,12Z,SELECTED,0.0,27.0,84.5,-20.091,32.9,-5.574,46.0,201.196,1931.731
2019-07-04,12Z,SELECTED,0.0,27.7,85.5,-37.692,34.5,-4.091,45.8,212.739,1519.139
2019-07-05,12Z,SELECTED,3.0,27.9,86.9,-21.157,36.1,-5.134,44.9,217.109,2156.09
2019-07-06,12Z,SELECTED,12.0,26.9,86.5,-59.914,40.8,-4.62,48.4,209.165,596.922
2019-07-07,12Z,SELECTED,0.0,26.7,86.5,-37.723,37.5,-5.286,47.3,219.255,2033.271
2019-07-08,12Z,SELECTED,20.3,26.0,90.9,-142.282,38.0,-1.147,44.3,215.935,179.57
2019-07-09,12Z,SELECTED,6.0,26.0,86.2,-50.563,34.2,-5.105,48.1,193.514,1558.69
2019-07-10,12Z,SELECTED,0.0,27.1,89.3,-1.888,32.2,-7.694,48.9,225.722,3224.085
2019-07-11,12Z,SELECTED,0.0,27.7,88.0,-0.071,28.4,-7.25,44.9,208.989,3418.255
2019-07-12,12Z,SELECTED,4.0,27.6,88.2,-281.773,34.5,0.233,45.7,201.281,30.874
2019-07-13,12Z,SELECTED,0.0,25.8,85.9,-11.224,30.6,-6.342,45.7,194.478,2560.092
2019-07-14,12Z,SELECTED,0.0,27.5,83.1,-9.653,29.2,-5.75,43.9,192.288,2723.718
2019-07-15,12Z,SELECTED,0.9,26.3,88.4,-39.024,28.5,-4.12,40.2,135.88,1951.047
2019-07-16,12Z,SELECTED,1.0,27.3,82.1,-13.305,27.9,-4.765,40.0,151.573,1911.876
2019-07-17,12Z,SELECTED,14.0,26.8,86.5,-46.602,40.0,-3.767,44.7,236.504,267.457
2019-07-18,12Z,SELECTED,0.5,27.1,85.5,-30.841,25.7,-2.651,43.2,234.272,1438.057
2019-07-19,12Z,SELECTED,0.0,27.8,83.6,-16.888,6.3,-3.175,44.0,222.788,842.385
2019-07-20,12Z,SELECTED,0.0,26.7,86.3,-13.475,22.9,-4.334,43.6,229.389,1585.636
2019-07-21,12Z,SELECTED,0.0,26.9,81.2,0.0,,,,,0.0
2019-07-22,12Z,SELECTED,10.8,26.8,88.0,-180.077,31.9,-1.972,43.4,167.342,471.598
2019-07-23,12Z,SELECTED,21.0,26.2,86.7,-96.213,37.4,-2.047,45.2,209.114,563.876
2019-07-24,12Z,SELECTED,2.0,25.7,88.2,-34.755,35.1,-3.968,44.0,179.139,1498.286
2019-07-25,12Z,SELECTED,0.0,26.6,84.0,-14.642,34.6,-5.726,46.7,212.773,2350.677
2019-07-26,12Z,SELECTED,0.0,27.1,84.7,-11.081,29.0,-6.184,47.3,204.018,2359.712
2019-07-27,12Z,SELECTED,6.0,26.9,87.5,-5.013,39.7,-5.972,48.7,226.193,1969.638
2019-07-28,12Z,SELECTED,10.0,26.6,86.0,-16.761,35.0,-5.607,45.9,199.016,1917.247
2019-07-29,12Z,SELECTED,0.0,26.8,84.5,-1.461,37.6,-7.026,47.9,198.358,2153.511
2019-07-30,12Z,SELECTED,0.0,26.9,82.3,-13.246,33.6,-5.111,45.5,219.442,1822.226
2019-07-31,12Z,SELECTED,0.0,27.4,83.2,-13.717,28.3,-3.886,41.6,187.109,1591.996
2019-08-01,12Z,SELECTED,1.0,26.7,85.4,-39.627,33.1,-3.377,42.8,193.076,774.493
2019-08-02,12Z,SELECTED,0.0,26.1,83.4,-16.896,37.6,-5.722,46.0,208.642,1609.982
2019-08-03,12Z,SELECTED,14.0,26.9,86.5,-17.537,37.5,-6.191,47.6,223.057,2559.495
2019-08-04,12Z,SELECTED,0.0,26.6,86.5,-31.163,39.8,-3.943,46.1,223.27,1408.885
2019-08-05,12Z,SELECTED,4.0,26.5,83.8,-12.848,29.6,-3.283,40.7,182.791,1153.06
2019-08-06,12Z,SELECTED,0.0,25.9,81.1,-71.438,17.6,-3.079,41.3,165.17,631.281
2019-08-07,12Z,SELECTED,0.0,26.5,79.3,-12.463,29.4,-4.352,46.3,211.016,516.427
2019-08-08,12Z,SELECTED,0.0,26.9,79.9,-4.206,34.7,-5.78,44.6,196.904,1649.109
2019-08-09,12Z,SELECTED,15.0,25.6,88.2,-273.854,21.9,-0.904,39.2,143.557,151.682
2019-08-10,12Z,SELECTED,0.0,25.6,85.7,-47.639,26.0,-2.397,39.9,177.932,406.413
2019-08-11,00Z,SELECTED,0.0,25.5,84.1,0.0,28.3,1.441,44.2,191.191,0.0
2019-08-12,12Z,SELECTED,0.2,26.1,83.2,-58.283,34.3,-4.375,45.0,175.05,548.145
2019-08-13,12Z,SELECTED,0.0,26.7,83.4,-19.645,33.3,-4.739,42.2,187.617,1560.624
2019-08-14,12Z,SELECTED,2.0,27.0,85.6,-10.498,37.1,-4.415,43.0,215.445,1589.452
2019-08-15,12Z,SELECTED,40.0,26.3,84.3,-3.048,34.2,-3.31,39.8,197.158,1731.337
2019-08-16,12Z,SELECTED,4.4,25.4,90.5,-34.895,35.1,-3.103,43.5,199.643,411.33
2019-08-17,12Z,SELECTED,0.6,26.1,85.2,-67.791,26.9,-3.711,42.8,102.855,1096.209
2019-08-18,12Z,SELECTED,0.0,27.6,85.3,-7.813,32.4,-5.498,42.0,194.869,2455.191
2019-08-19,12Z,SELECTED,0.0,27.1,84.7,-11.378,16.5,-3.883,42.8,222.13,1846.496
2019-08-20,12Z,SELECTED,0.0,27.1,82.7,-9.241,25.7,-3.881,43.6,197.368,1546.987
2019-08-21,12Z,SELECTED,0.0,27.0,83.4,-53.054,24.9,-2.22,44.0,218.055,659.165
2019-08-22,12Z,SELECTED,0.0,26.5,86.4,-25.601,37.5,-4.246,43.1,207.704,1837.494
2019-08-23,12Z,SELECTED,0.0,27.1,84.2,-16.578,33.0,-3.709,43.1,236.817,672.027
2019-08-24,12Z,SELECTED,39.0,27.0,84.8,0.0,39.9,-2.109,43.2,253.389,275.094
2019-08-25,12Z,SELECTED,33.0,25.8,86.6,-2.083,38.8,-3.759,45.2,216.814,1219.658
2019-08-26,12Z,SELECTED,9.0,26.2,86.2,-5.517,32.9,-2.035,41.8,213.652,1225.664
2019-08-27,12Z,SELECTED,8.0,26.2,89.7,-5.418,39.8,-3.431,45.3,223.472,1327.737
2019-08-28,12Z,SELECTED,35.2,25.3,87.9,-24.953,30.3,-3.821,40.6,160.455,1626.898
2019-08-29,12Z,SELECTED,0.0,26.3,81.6,-16.711,27.9,-2.258,40.2,168.619,566.02
2019-08-30,12Z,SELECTED,0.0,27.0,81.9,-11.365,30.7,-3.717,44.0,229.076,1878.991
2019-08-31,12Z,SELECTED,0.0,27.4,83.2,-21.073,36.1,-3.204,43.7,227.935,1091.765
2019-09-01,12Z,SELECTED,26.9,26.5,86.6,-93.452,34.9,-0.963,42.9,212.817,207.233
2019-09-02,12Z,SELECTED,0.0,25.8,86.1,-12.93,36.0,-4.833,46.1,215.562,1653.807
2019-09-03,12Z,SELECTED,0.0,27.1,86.1,-15.416,33.2,-5.772,45.5,187.218,2149.813
2019-09-04,12Z,SELECTED,0.0,26.2,89.5,-62.037,32.9,-5.714,47.0,179.85,1582.691
2019-09-05,12Z,SELECTED,0.0,26.5,87.0,0.0,25.5,-5.991,41.0,157.801,2622.684
2019-09-06,12Z,SELECTED,0.0,27.2,83.9,-3.594,31.4,-6.609,47.1,204.796,2241.67
2019-09-07,12Z,SELECTED,1.0,27.4,83.4,-5.797,38.3,-5.373,46.0,216.829,2147.388
2019-09-08,12Z,SELECTED,0.0,27.9,80.7,0.0,36.7,0.992,44.2,206.257,0.147
2019-09-09,12Z,SELECTED,0.0,27.4,82.8,-31.662,26.1,-5.282,40.8,112.396,1491.35
2019-09-10,12Z,SELECTED,0.0,26.5,83.0,0.0,29.3,-5.462,43.2,178.168,2266.272
2019-09-11,12Z,SELECTED,0.0,26.7,82.4,-46.124,11.3,-3.75,40.0,159.73,1648.603
2019-09-12,12Z,SELECTED,0.0,26.8,82.8,-11.372,18.9,-3.741,43.0,192.104,1469.914
2019-09-13,12Z,SELECTED,0.0,26.5,83.7,-17.314,22.3,-2.68,42.0,198.018,1173.324
2019-09-14,12Z,SELECTED,0.0,26.5,82.0,-11.736,6.1,-3.314,33.4,59.901,820.397
2019-09-15,12Z,SELECTED,0.0,25.4,78.4,0.0,12.7,1.494,32.6,101.629,0.797
2019-09-16,12Z,SELECTED,0.0,23.7,79.3,-80.247,15.3,-0.512,33.0,105.704,127.162
2019-09-17,12Z,SELECTED,0.0,25.2,79.7,-161.395,27.3,0.109,41.8,176.739,63.69
2019-09-18,12Z,SELECTED,0.0,25.9,83.6,-23.46,33.2,-4.424,44.3,198.762,1647.037
2019-09-19,12Z,SELECTED,0.0,27.0,86.1,-5.137,26.8,-6.183,47.9,222.306,2293.054
2019-09-20,12Z,SELECTED,0.0,27.7,82.9,-21.297,30.6,-5.696,47.7,231.958,1811.984
2019-09-21,00Z,SELECTED,0.0,26.9,83.9,-186.25,30.7,-2.444,45.4,211.812,176.693
2019-09-22,12Z,SELECTED,0.0,27.3,84.2,-14.458,21.5,-3.704,44.2,225.501,1383.601
2019-09-23,12Z,SELECTED,0.0,26.4,84.8,-35.894,13.4,-3.85,45.1,231.216,965.14
2019-09-24,12Z,SELECTED,0.0,26.7,86.6,-8.532,38.6,-2.912,43.2,235.018,1458.477
2019-09-25,12Z,SELECTED,53.3,26.3,90.7,-3.097,36.8,-2.072,42.6,238.009,846.785
2019-09-26,12Z,SELECTED,8.0,25.9,88.0,-9.27,32.7,-4.697,44.4,227.87,1369.437
2019-09-27,12Z,SELECTED,0.0,26.5,86.0,-20.574,36.5,-3.398,45.4,219.281,775.073
2019-09-28,12Z,SELECTED,8.0,26.6,87.4,-2.326,36.3,-5.311,46.4,236.581,1712.969
2019-09-29,12Z,SELECTED,9.5,26.4,89.3,-9.783,38.2,-4.923,45.9,235.187,1619.39
2019-09-30,12Z,SELECTED,6.0,25.8,89.6,-4.181,37.3,-3.743,44.1,224.758,1742.554
2019-10-01,12Z,SELECTED,0.0,25.9,87.4,-14.931,28.7,-3.183,44.2,220.963,1330.36
2019-10-02,12Z,SELECTED,0.0,26.2,87.7,-5.034,32.1,-3.685,43.0,205.33,1399.159
2019-10-03,12Z,SELECTED,0.0,25.5,89.4,-24.646,36.1,-0.373,46.0,184.253,47.083
2019-10-04,12Z,SELECTED,4.0,25.8,88.5,-41.316,24.0,-3.843,44.7,212.361,1519.484
2019-10-05,12Z,SELECTED,0.0,26.9,86.0,-36.038,30.7,-2.592,42.0,198.443,771.435
2019-10-06,12Z,SELECTED,0.0,25.7,87.2,-20.516,30.8,-1.986,39.7,211.127,1004.599
2019-10-07,12Z,SELECTED,0.0,26.6,86.2,-32.854,37.7,-3.209,45.5,231.875,853.962
2019-10-08,12Z,SELECTED,0.0,26.8,84.3,-4.95,37.8,-2.911,43.3,222.873,1144.468
2019-10-09,12Z,SELECTED,13.6,26.0,87.5,-9.544,37.5,-3.834,46.1,235.389,1213.518
2019-10-10,MISSING,NO_SOUNDING,0.0,26.4,86.0,,,,,,
2019-10-11,MISSING,NO_SOUNDING,0.0,26.0,88.6,,,,,,
2019-10-12,MISSING,NO_SOUNDING,0.0,26.4,86.1,,,,,,
2019-10-13,MISSING,NO_SOUNDING,0.0,26.7,87.2,,,,,,
2019-10-14,12Z,SELECTED,0.0,26.2,89.1,-20.606,34.3,-2.321,42.6,212.276,761.409
2019-10-15,12Z,SELECTED,0.0,26.0,88.6,-12.133,33.5,-2.735,42.7,224.107,1059.878
2019-10-16,12Z,SELECTED,0.0,26.2,88.4,-13.741,35.3,-2.307,42.5,234.096,1294.043
2019-10-17,12Z,SELECTED,31.0,26.3,89.7,-3.938,36.8,-1.917,42.3,219.711,778.116
2019-10-18,12Z,SELECTED,18.0,25.3,93.4,-28.099,37.3,-1.326,42.4,213.906,436.184
2019-10-19,12Z,SELECTED,1.0,25.4,91.1,-20.979,37.0,-2.233,44.7,220.362,440.041
2019-10-20,12Z,SELECTED,1.0,25.9,91.5,-24.463,37.9,-3.272,45.1,243.553,798.327
2019-10-21,12Z,SELECTED,1.0,26.1,89.2,-27.08,38.1,-5.103,48.8,239.759,870.74
2019-10-22,12Z,SELECTED,6.0,25.8,92.7,-31.514,36.1,-3.619,46.4,222.384,585.466
2019-10-23,MISSING,NO_SOUNDING,0.0,25.9,90.7,,,,,,
2019-10-24,MISSING,NO_SOUNDING,0.0,25.7,90.3,,,,,,
2019-10-25,12Z,SELECTED,0.7,25.3,92.8,-20.346,34.6,-2.518,42.8,231.325,790.13
2019-10-26,12Z,SELECTED,0.0,25.9,90.0,-11.541,36.9,-2.999,43.3,216.339,1009.708
2019-10-27,12Z,SELECTED,23.0,25.5,89.1,-7.993,37.6,-3.966,44.1,209.588,1263.878
2019-10-28,12Z,SELECTED,2.0,25.5,94.3,-39.727,37.0,-3.298,44.2,195.932,933.947
2019-10-29,12Z,SELECTED,0.0,25.6,90.3,-1.814,32.4,-2.681,42.5,209.147,1376.979
2019-10-30,12Z,SELECTED,2.0,26.2,89.0,0.0,27.9,-2.633,40.8,205.539,1511.761
2019-10-31,12Z,SELECTED,0.0,26.5,85.1,0.0,27.9,-4.853,43.6,208.709,2115.415
2019-11-01,12Z,SELECTED,0.0,26.2,87.7,-34.971,27.5,-1.883,38.8,139.252,465.982
2019-11-02,12Z,SELECTED,0.0,26.5,85.0,0.0,14.4,-3.143,38.9,168.13,1047.479
2019-11-03,12Z,SELECTED,0.0,26.0,85.8,-17.025,32.0,-1.91,41.9,188.19,243.718
2019-11-04,12Z,SELECTED,0.0,25.2,86.2,-45.268,11.1,-0.679,30.2,38.19,135.865
2019-11-05,12Z,SELECTED,0.0,24.7,87.4,-21.306,13.7,-2.738,37.2,113.36,634.402
2019-11-06,12Z,SELECTED,0.0,25.7,87.2,-27.33,14.3,-1.608,37.0,153.457,913.56
2019-11-07,12Z,SELECTED,0.0,25.0,87.5,-42.971,21.1,-1.912,40.2,198.534,720.821
2019-11-08,12Z,SELECTED,0.0,25.2,88.2,-38.353,24.3,-4.605,43.4,124.142,850.684
2019-11-09,12Z,SELECTED,0.0,26.5,87.5,-35.571,30.4,-2.132,42.9,199.286,1044.226
2019-11-10,12Z,SELECTED,0.0,25.9,87.8,-19.888,29.1,-1.135,40.2,201.704,500.825
2019-11-11,12Z,SELECTED,0.0,25.6,88.1,-3.069,34.0,-3.747,43.5,201.88,1323.047
2019-11-12,12Z,SELECTED,0.5,26.5,91.0,-3.134,36.9,-4.766,47.2,228.508,1882.921
2019-11-13,12Z,SELECTED,12.3,26.2,90.5,0.0,29.3,-5.347,45.2,228.56,2440.286
2019-11-14,12Z,SELECTED,0.0,27.2,89.4,-1.118,36.9,-3.954,44.3,228.078,1620.663
2019-11-15,12Z,SELECTED,1.0,26.7,90.7,-4.595,36.5,-5.506,44.1,208.473,2383.396
2019-11-16,12Z,SELECTED,2.6,27.1,87.6,-15.801,34.4,-5.14,44.5,207.196,2190.524
2019-11-17,12Z,SELECTED,0.0,26.5,88.9,-23.123,35.1,-3.697,43.8,225.958,1525.451
2019-11-18,12Z,SELECTED,0.0,26.6,88.1,-10.489,36.0,-4.321,46.1,226.193,1478.78
2019-11-19,12Z,SELECTED,0.0,27.1,86.9,-5.896,35.4,-4.565,44.7,222.822,1939.509
2019-11-20,12Z,SELECTED,64.0,26.5,90.4,-15.716,37.2,-0.283,41.1,214.657,204.443
2019-11-21,12Z,SELECTED,37.0,25.4,88.4,-18.98,,,,,427.45
2019-11-22,12Z,SELECTED,5.0,26.4,90.0,-6.208,33.3,-2.991,42.8,215.393,1260.608
2019-11-23,12Z,SELECTED,0.0,26.8,88.7,-16.711,36.6,-3.319,44.1,219.247,1278.755
2019-11-24,12Z,SELECTED,2.0,26.4,88.5,0.0,35.2,-5.352,46.2,211.768,1957.729
2019-11-25,12Z,SELECTED,23.0,26.2,85.8,-41.419,33.7,-3.357,43.7,206.934,1067.895
2019-11-26,12Z,SELECTED,0.0,26.9,85.8,-14.942,35.6,-5.06,43.2,201.307,2115.472
2019-11-27,12Z,SELECTED,0.0,27.2,89.4,0.0,38.1,-4.876,44.7,215.562,2237.302
2019-11-28,12Z,SELECTED,0.0,27.1,89.5,-20.176,39.4,-5.577,47.1,230.589,1583.651
2019-11-29,12Z,SELECTED,0.0,27.2,89.7,-9.145,35.2,-4.317,42.8,239.691,1966.124
2019-11-30,12Z,SELECTED,0.0,26.7,90.2,-14.654,36.2,-3.639,43.0,234.847,1617.73
2019-12-01,12Z,SELECTED,0.0,27.0,89.4,-0.388,35.6,-4.238,41.5,214.44,2008.987
2019-12-02,12Z,SELECTED,7.0,26.8,89.8,0.0,35.2,-4.309,42.6,210.788,1858.144
2019-12-03,12Z,SELECTED,8.7,26.2,89.0,-34.479,35.1,-3.7,44.5,203.562,1506.482
2019-12-04,12Z,SELECTED,11.0,26.8,90.8,-6.06,36.7,-4.595,43.3,206.014,1977.272
2019-12-05,12Z,SELECTED,0.0,27.2,86.3,-16.047,36.5,-4.277,43.6,220.237,1901.97
2019-12-06,12Z,SELECTED,7.0,26.6,89.0,-31.594,38.2,-2.699,42.7,224.047,1518.502
2019-12-07,12Z,SELECTED,41.0,26.4,92.2,-56.222,39.2,-3.668,45.7,219.247,820.482
2019-12-08,12Z,SELECTED,11.0,27.0,88.0,-27.411,36.1,-4.283,43.5,226.245,1809.681
2019-12-09,12Z,SELECTED,22.8,26.7,91.4,-22.854,37.9,-4.309,44.8,210.07,1613.537
2019-12-10,12Z,SELECTED,4.0,27.0,89.9,-19.634,37.6,-3.683,43.3,223.068,1735.257
2019-12-11,12Z,SELECTED,62.0,26.5,92.4,0.0,38.7,-4.464,46.0,231.991,1626.305
2019-12-12,12Z,SELECTED,6.0,26.9,89.0,-16.324,42.3,-5.939,49.0,243.535,1945.762
2019-12-13,12Z,SELECTED,5.0,27.0,86.6,-58.349,27.4,-2.928,41.9,198.814,1216.361
2019-12-14,12Z,SELECTED,0.6,26.9,86.8,-10.21,36.7,-6.025,43.3,225.789,3360.732
2019-12-15,12Z,SELECTED,8.0,27.4,87.9,-1.922,36.2,-5.648,44.9,219.457,2751.743
2019-12-16,12Z,SELECTED,11.8,26.4,90.3,-33.455,38.1,-3.502,46.0,228.762,1316.178
2019-12-17,12Z,SELECTED,3.1,26.4,91.4,-1.359,34.7,-5.21,45.0,220.186,2364.508
2019-12-18,12Z,SELECTED,0.0,26.6,89.1,-12.252,33.9,-4.89,43.4,195.678,1988.006
2019-12-19,12Z,SELECTED,4.0,27.3,84.3,-52.278,34.6,-3.409,44.9,229.76,1504.148
2019-12-20,12Z,SELECTED,20.0,27.1,89.3,-6.221,41.6,-4.996,47.6,242.765,1966.225
2019-12-21,12Z,SELECTED,16.0,26.1,93.5,-1.755,41.5,-5.888,48.4,235.76,2029.82
2019-12-22,12Z,SELECTED,12.0,25.9,92.7,-14.636,33.9,-3.64,43.2,200.672,1312.279
2019-12-23,12Z,SELECTED,0.0,26.7,86.3,-34.627,33.1,-3.887,42.6,176.68,1693.622
2019-12-24,12Z,SELECTED,1.0,27.0,93.2,-7.389,33.2,-3.659,43.3,221.072,1072.762
2019-12-25,12Z,SELECTED,19.5,26.8,90.2,-34.452,30.9,-3.347,41.6,197.106,1238.532
2019-12-26,12Z,SELECTED,0.0,27.0,88.1,-18.524,35.4,-4.537,45.6,215.85,1590.284
2019-12-27,12Z,SELECTED,0.0,27.0,90.3,-65.931,36.7,-3.163,44.7,217.057,988.124
2019-12-28,12Z,SELECTED,29.0,26.7,92.2,-16.591,35.9,-3.778,44.4,231.483,1409.317
2019-12-29,12Z,SELECTED,6.0,27.5,90.8,-41.416,38.4,-4.107,44.9,221.132,1702.689
2019-12-30,12Z,SELECTED,2.6,27.2,92.8,-34.524,32.5,-3.957,42.8,216.933,1587.724
2019-12-31,12Z,SELECTED,27.7,27.0,92.6,-59.975,36.0,-3.168,43.0,221.733,1002.417
2020-01-01,12Z,SELECTED,0.3,28.2,83.3,-6.345,23.1,-5.076,41.8,199.221,2390.712
2020-01-02,12Z,SELECTED,0.0,27.7,84.7,-23.968,28.5,-4.985,46.0,222.07,1839.436
2020-01-03,12Z,SELECTED,0.0,28.0,84.8,-18.086,31.8,-4.833,43.7,228.391,2439.611
2020-01-04,12Z,SELECTED,0.0,28.1,86.0,-18.841,37.4,-5.929,45.2,218.817,2457.506
2020-01-05,12Z,SELECTED,20.0,27.8,88.0,-339.138,32.5,-1.065,44.8,203.191,81.983
2020-01-06,12Z,SELECTED,0.0,27.8,78.7,-86.848,35.9,-3.236,43.3,219.299,1216.37
2020-01-07,12Z,SELECTED,0.0,28.3,81.3,-4.677,37.8,-5.251,44.9,229.355,2318.969
2020-01-08,12Z,SELECTED,0.0,28.9,78.5,-44.301,32.3,-4.77,41.8,204.679,2421.261
2020-01-09,12Z,SELECTED,62.0,28.0,84.6,-239.825,32.4,0.679,43.1,189.686,41.42
2020-01-10,12Z,SELECTED,19.2,24.9,92.8,-11.251,34.0,-2.777,40.9,235.747,810.437
2020-01-11,12Z,SELECTED,40.0,25.9,87.1,-97.576,32.5,-1.511,42.5,232.383,177.549
2020-01-12,12Z,SELECTED,7.0,27.0,84.3,-24.316,35.7,-3.844,40.5,192.13,1811.651
2020-01-13,12Z,SELECTED,0.0,27.6,83.0,-19.645,30.7,-2.781,39.8,201.906,1778.614
2020-01-14,12Z,SELECTED,2.9,28.0,83.7,-9.037,31.5,-3.516,39.5,215.277,2061.016
2020-01-15,12Z,SELECTED,0.0,27.8,86.2,-33.412,36.5,-4.356,42.6,207.789,1916.707
2020-01-16,12Z,SELECTED,7.0,27.7,85.4,-11.03,34.0,-4.717,44.9,232.422,2268.882
2020-01-17,12Z,SELECTED,47.5,27.4,86.1,-58.179,37.8,-2.88,44.0,202.826,813.349
2020-01-18,12Z,SELECTED,5.0,27.1,88.8,-21.539,37.1,-4.277,44.1,229.625,1934.824
2020-01-19,12Z,SELECTED,0.0,27.5,86.1,-15.933,38.9,-4.146,43.0,226.668,2144.66
2020-01-20,12Z,SELECTED,0.0,27.9,85.8,-4.459,35.4,-4.705,44.4,232.65,2286.856
2020-01-21,12Z,SELECTED,2.0,28.0,84.2,-24.113,36.6,-3.804,44.0,206.96,1848.488
2020-01-22,12Z,SELECTED,4.0,28.4,82.7,-3.088,34.7,-3.671,39.8,225.359,2341.674
2020-01-23,12Z,SELECTED,0.0,27.3,87.5,-15.244,37.8,-5.509,43.4,205.845,2498.076
2020-01-24,12Z,SELECTED,2.0,27.9,84.8,-25.841,36.2,-5.229,46.1,224.758,1847.846
2020-01-25,12Z,SELECTED,0.0,28.4,86.5,-4.117,35.3,-5.789,44.0,209.935,2470.193
2020-01-26,12Z,SELECTED,7.0,28.1,84.8,0.0,33.7,-6.016,44.4,213.247,2398.635
2020-01-27,12Z,SELECTED,17.0,28.0,86.6,-8.008,35.4,-5.441,43.4,219.273,2359.155
2020-01-28,12Z,SELECTED,13.0,27.9,86.3,-64.867,36.1,-2.353,42.0,219.019,740.695
2020-01-29,12Z,SELECTED,136.0,26.0,88.4,0.0,24.7,1.208,35.2,129.494,0.0
2020-01-30,12Z,SELECTED,0.0,26.5,77.8,-128.659,23.6,0.742,31.4,80.486,65.948
2020-01-31,12Z,SELECTED,0.0,26.6,80.1,-42.55,29.8,-2.646,43.7,215.375,1134.744
2020-02-01,12Z,SELECTED,0.0,28.0,83.0,-86.288,29.5,-2.469,43.8,211.768,506.914
2020-02-02,12Z,SELECTED,0.0,28.5,80.9,-12.599,40.4,-6.048,48.3,232.422,2205.603
2020-02-03,12Z,SELECTED,0.0,29.1,75.6,-115.707,31.1,-0.662,39.4,163.05,113.32
2020-02-04,12Z,SELECTED,0.0,27.3,79.3,-6.547,31.9,-4.02,41.0,219.991,2400.342
2020-02-05,12Z,SELECTED,1.0,27.5,84.8,-55.025,41.6,-6.451,49.0,232.499,1592.931
2020-02-06,12Z,SELECTED,4.0,27.1,85.7,-25.886,37.2,-4.25,44.8,220.396,1500.297
2020-02-07,12Z,SELECTED,10.0,27.3,89.1,-81.075,37.1,-1.568,42.3,220.429,453.988
2020-02-08,12Z,SELECTED,37.0,25.8,87.8,-76.103,35.6,-3.053,43.6,196.44,604.214
2020-02-09,12Z,SELECTED,1.0,27.6,81.5,-131.349,35.3,-1.705,42.8,213.501,686.394
2020-02-10,12Z,SELECTED,0.0,,76.0,-88.69,35.9,-1.714,41.5,208.93,464.858
2020-02-11,12Z,SELECTED,0.0,27.5,79.6,-92.887,32.3,-1.335,43.2,225.045,408.376
2020-02-12,00Z,SELECTED,0.0,28.3,81.3,-215.999,22.5,-0.806,41.6,195.476,397.715
2020-02-13,12Z,SELECTED,34.0,28.2,83.5,-298.537,34.8,-0.29,44.3,218.216,33.628
2020-02-14,12Z,SELECTED,29.0,26.4,92.4,0.0,36.3,0.836,42.2,223.819,0.0
2020-02-15,12Z,SELECTED,22.8,26.2,86.4,-40.648,33.1,-2.51,40.8,171.789,440.464
2020-02-16,12Z,SELECTED,2.6,27.1,84.5,-5.487,34.9,-5.242,43.1,201.991,2108.577
2020-02-17,12Z,SELECTED,13.0,26.8,86.3,-8.02,39.4,-2.668,43.7,232.16,1213.936
2020-02-18,12Z,SELECTED,19.1,26.8,83.5,-74.434,34.5,-3.417,44.4,194.301,1266.462
2020-02-19,12Z,SELECTED,32.0,26.7,87.2,-97.908,32.9,-3.042,42.4,179.199,1400.541
2020-02-20,12Z,SELECTED,0.0,27.6,83.1,-18.633,34.2,-4.924,43.7,220.077,2140.652
2020-02-21,12Z,SELECTED,0.0,28.9,77.4,-162.396,36.9,-1.446,42.0,233.329,290.015
2020-02-22,12Z,SELECTED,0.0,29.8,76.1,-3.242,27.5,-4.903,39.4,196.701,2970.552
2020-02-23,12Z,SELECTED,0.0,28.9,82.3,-6.798,32.2,-3.075,38.6,184.447,1405.29
2020-02-24,12Z,SELECTED,0.0,28.8,85.3,-44.708,35.1,-5.485,41.6,206.877,2542.812
2020-02-25,12Z,SELECTED,0.0,28.5,89.0,-18.078,29.9,-5.19,42.0,187.042,2023.587
2020-02-26,12Z,SELECTED,0.0,28.9,87.2,-38.775,29.7,-4.72,39.8,188.395,2533.429
2020-02-27,12Z,SELECTED,0.0,29.0,81.6,-21.086,26.5,-6.253,41.6,177.501,2888.299
2020-02-28,12Z,SELECTED,0.0,28.7,82.3,-97.394,35.2,-2.921,42.0,183.483,740.651
2020-02-29,12Z,SELECTED,0.0,29.0,81.2,-27.794,,,,,371.498
2020-03-01,12Z,SELECTED,36.0,28.2,85.1,-78.461,39.8,-3.056,44.8,227.393,633.711
2020-03-02,12Z,SELECTED,19.0,28.1,85.7,0.0,,,,,13.896
2020-03-03,12Z,SELECTED,58.0,27.2,83.7,-22.42,37.2,-3.737,42.6,228.215,1469.311
2020-03-04,12Z,SELECTED,4.0,28.3,82.6,-9.053,30.6,-5.015,41.3,210.163,2555.775
2020-03-05,12Z,SELECTED,16.1,27.6,85.1,-10.763,33.1,-4.261,41.8,200.014,1828.74
2020-03-06,12Z,SELECTED,3.2,27.3,81.3,0.0,26.5,-3.605,38.0,153.045,1268.525
2020-03-07,12Z,SELECTED,0.0,28.1,78.9,-75.192,35.2,-3.001,45.9,214.657,901.467
2020-03-08,12Z,SELECTED,0.8,28.4,84.3,-27.708,37.8,-5.681,45.3,216.586,2238.95
2020-03-09,12Z,SELECTED,4.2,28.1,81.7,-17.744,18.5,-5.983,41.4,154.818,2661.179
2020-03-10,12Z,SELECTED,0.0,28.1,78.3,-12.901,17.3,-2.512,35.8,125.824,1248.091
2020-03-11,12Z,SELECTED,0.0,28.5,78.7,-17.801,10.3,-4.119,35.0,115.812,1797.04
2020-03-12,12Z,SELECTED,3.0,28.9,83.5,-88.252,39.4,-3.497,44.9,252.959,1244.9
2020-03-13,12Z,SELECTED,2.4,28.4,81.2,-39.495,40.8,-3.708,44.7,249.527,1791.82
2020-03-14,12Z,SELECTED,0.0,28.5,81.6,-19.595,33.2,-5.144,40.8,208.507,2344.545
2020-03-15,12Z,SELECTED,0.0,29.3,81.8,-38.651,27.5,-5.708,42.8,209.463,2665.198
2020-03-16,12Z,SELECTED,0.0,29.3,81.0,-86.594,38.2,-5.202,45.7,219.045,1999.219
2020-03-17,MISSING,NO_SOUNDING,38.8,27.8,84.9,,,,,,
2020-03-18,12Z,SELECTED,6.2,27.0,88.2,-59.195,35.3,-1.328,41.0,207.229,518.605
2020-03-19,12Z,SELECTED,68.0,26.2,89.8,-137.551,,,,,28.64
2020-03-20,12Z,SELECTED,6.0,26.3,83.8,-103.548,31.3,-3.768,41.2,170.555,1443.234
2020-03-21,12Z,SELECTED,0.0,27.6,82.4,-12.574,33.8,-4.004,42.5,183.711,1213.398
2020-03-22,12Z,SELECTED,2.0,28.0,84.0,-6.109,37.4,-4.975,44.5,228.586,2314.247
2020-03-23,12Z,SELECTED,5.0,27.5,84.9,-33.242,33.2,-4.191,45.3,203.173,1426.789
2020-03-24,12Z,SELECTED,3.0,28.0,85.3,-12.207,37.1,-5.723,46.3,223.083,2505.04
2020-03-25,12Z,SELECTED,6.0,28.0,84.4,-55.851,39.5,-3.829,44.6,233.106,1868.379
2020-03-26,12Z,SELECTED,8.0,27.9,85.2,-31.69,,,,,288.083
2020-03-27,12Z,SELECTED,2.0,26.9,87.5,-30.052,36.4,-4.421,45.4,207.626,1800.303
2020-03-28,12Z,SELECTED,2.0,28.1,88.2,-11.982,33.7,-5.328,43.4,178.683,1902.092
2020-03-29,12Z,SELECTED,2.0,27.9,88.3,-71.433,37.0,-2.6,43.4,226.279,797.605
2020-03-30,12Z,SELECTED,53.0,27.3,81.0,-171.212,31.1,-2.324,42.0,166.362,767.944
2020-03-31,12Z,SELECTED,0.0,28.1,87.9,-21.181,34.5,-4.036,42.6,186.086,1436.736
2020-04-01,12Z,SELECTED,0.0,28.3,88.1,-9.732,32.5,-5.912,43.2,181.936,2676.319
2020-04-02,12Z,SELECTED,0.0,28.7,87.6,-12.767,35.8,-5.152,42.8,212.478,2435.064
2020-04-03,12Z,SELECTED,0.9,28.5,85.7,-17.812,37.2,-4.734,46.3,229.708,2011.027
2020-04-04,12Z,SELECTED,27.0,28.2,91.9,-14.697,36.6,-5.236,45.1,239.681,2483.33
2020-04-05,12Z,SELECTED,13.3,27.7,87.9,-12.942,32.1,-5.108,43.6,207.281,1880.507
2020-04-06,12Z,SELECTED,45.5,25.4,95.8,-25.011,26.5,-2.421,39.4,160.455,494.38
2020-04-07,12Z,SELECTED,0.5,26.6,88.6,-56.197,32.5,-3.355,41.8,183.222,1183.224
2020-04-08,12Z,SELECTED,5.3,28.4,81.4,-4.737,32.2,-4.009,43.5,219.965,1485.164
2020-04-09,12Z,SELECTED,0.0,28.2,88.6,-12.311,40.8,-5.124,45.9,233.85,2035.766
2020-04-10,12Z,SELECTED,69.0,27.0,92.5,-20.875,38.2,-2.051,41.7,239.673,837.265
2020-04-11,12Z,SELECTED,13.0,27.4,84.2,-49.466,34.9,-5.847,47.0,224.022,2103.761
2020-04-12,12Z,SELECTED,3.0,28.5,85.6,-12.817,36.0,-6.482,46.0,213.39,2719.534
2020-04-13,12Z,SELECTED,0.6,27.5,85.0,-42.206,37.4,-6.537,46.4,216.373,3356.49
2020-04-14,12Z,SELECTED,2.5,27.5,86.5,-47.287,34.2,-5.645,44.9,212.706,2573.111
2020-04-15,12Z,SELECTED,2.0,27.8,84.7,-230.371,40.9,-2.288,47.8,220.657,338.154
2020-04-16,12Z,SELECTED,27.3,26.5,91.8,0.0,35.7,16.194,42.8,203.132,0.0
2020-04-17,12Z,SELECTED,3.5,26.8,90.1,-76.313,36.0,-2.555,44.3,218.216,656.32
2020-04-18,12Z,SELECTED,5.0,27.3,87.0,-54.81,33.6,-4.357,44.5,210.306,1435.193
2020-04-19,12Z,SELECTED,4.9,27.6,90.0,-20.74,38.5,-3.551,44.0,247.304,1155.541
2020-04-20,12Z,SELECTED,0.0,28.1,86.5,-26.124,31.5,-4.813,41.6,228.521,2662.387
2020-04-21,12Z,SELECTED,0.0,28.3,86.4,-28.009,40.8,-5.843,46.3,259.322,2752.247
2020-04-22,00Z,SELECTED,0.0,28.4,85.7,-221.515,33.6,-1.624,43.5,224.25,642.856
2020-04-23,12Z,SELECTED,19.8,27.5,89.4,-13.825,34.4,-5.774,44.5,237.73,2741.798
2020-04-24,12Z,SELECTED,0.0,27.5,85.5,-37.319,38.1,-5.317,46.1,232.422,1802.681
2020-04-25,12Z,SELECTED,38.0,27.0,87.3,-49.004,36.0,-4.579,45.0,209.832,1771.15
2020-04-26,12Z,SELECTED,3.0,28.0,84.5,-7.489,34.7,-5.211,42.2,209.368,2770.557
2020-04-27,12Z,SELECTED,9.7,27.1,86.1,-45.947,30.3,-2.798,40.8,188.47,632.03
2020-04-28,12Z,SELECTED,3.0,27.4,86.3,-13.382,33.7,-3.905,41.0,208.388,2091.97
2020-04-29,12Z,SELECTED,0.0,27.6,85.3,-5.138,34.1,-3.389,39.0,209.681,1819.969
2020-04-30,12Z,SELECTED,6.0,27.4,88.3,-23.15,36.9,-3.678,42.6,248.387,1424.526
2020-05-01,12Z,SELECTED,62.3,25.4,94.0,0.0,33.7,0.579,40.8,248.288,0.0
2020-05-02,12Z,SELECTED,17.0,26.7,85.1,-39.882,36.8,-1.694,42.5,282.49,255.363
2020-05-03,12Z,SELECTED,17.5,26.4,89.0,-3.455,32.7,-3.347,41.1,236.151,1649.746
2020-05-04,12Z,SELECTED,0.0,28.3,85.0,-6.338,33.4,-4.253,41.7,223.643,2109.0
2020-05-05,12Z,SELECTED,0.0,28.0,83.3,-27.045,32.3,-3.164,39.7,226.245,1729.325
2020-05-06,12Z,SELECTED,19.0,28.1,83.4,-0.44,31.2,-3.964,42.3,239.471,1937.309
2020-05-07,12Z,SELECTED,17.0,28.0,88.0,-19.867,36.4,-2.013,40.6,272.086,457.826
2020-05-08,12Z,SELECTED,3.1,27.4,82.9,-21.761,32.2,-2.559,41.5,255.403,754.727
2020-05-09,12Z,SELECTED,30.0,27.6,87.4,-78.229,31.7,-1.839,39.4,222.555,755.721
2020-05-10,12Z,SELECTED,0.0,27.9,85.6,-8.263,30.8,-5.766,40.9,209.894,2429.569
2020-05-11,12Z,SELECTED,0.0,28.3,83.6,-35.175,33.3,-4.869,42.2,200.53,1693.9
2020-05-12,12Z,SELECTED,0.5,28.0,86.0,0.0,38.9,-9.607,42.8,228.365,6439.918
2020-05-13,12Z,SELECTED,122.0,27.5,88.9,-20.518,31.0,-4.387,41.3,208.362,1986.553
2020-05-14,12Z,SELECTED,0.0,28.2,82.5,-15.168,33.3,-4.412,43.6,222.086,1941.461
2020-05-15,00Z,SELECTED,2.0,28.6,84.0,-131.673,32.7,-2.246,43.6,209.629,462.747
2020-05-16,00Z,SELECTED,2.0,28.3,88.8,-140.529,33.2,-2.954,44.1,210.822,582.937
2020-05-17,00Z,SELECTED,33.3,26.9,92.7,-101.826,42.2,-3.116,47.3,241.05,451.466
2020-05-18,00Z,SELECTED,0.0,27.3,82.2,-232.306,33.6,-0.843,43.3,255.268,41.677
2020-05-19,00Z,SELECTED,0.0,27.7,83.5,0.0,30.2,1.597,40.9,242.491,0.0
2020-05-20,00Z,SELECTED,7.0,27.9,80.9,0.0,33.3,0.071,40.6,227.51,0.669
2020-05-21,00Z,SELECTED,0.0,29.3,75.2,-397.704,31.1,-1.83,45.0,241.148,99.71
2020-05-22,00Z,SELECTED,0.0,28.3,83.0,-424.84,28.5,0.736,37.4,196.714,29.446
2020-05-23,00Z,SELECTED,15.0,27.7,82.8,-125.858,39.0,-1.509,45.9,253.265,188.855
2020-05-24,00Z,SELECTED,0.0,27.9,82.7,0.0,31.9,1.593,39.5,198.619,0.0
2020-05-25,00Z,SELECTED,0.0,27.9,83.2,0.0,31.8,2.238,39.7,213.281,0.0
2020-05-26,00Z,SELECTED,3.0,27.2,84.5,-272.187,31.8,-0.21,40.5,199.845,93.463
2020-05-27,00Z,SELECTED,0.0,27.2,84.1,0.0,28.7,1.38,42.8,198.697,0.0
2020-05-28,00Z,SELECTED,0.0,27.6,86.3,-440.334,30.9,-1.842,46.2,205.449,122.956
2020-05-29,00Z,SELECTED,0.0,28.0,83.9,-294.899,34.0,-3.119,49.1,205.106,139.829
2020-05-30,00Z,SELECTED,0.8,28.6,85.4,-94.402,36.4,-3.67,45.2,229.33,1277.659
2020-05-31,00Z,SELECTED,3.5,27.5,85.0,-186.789,30.2,-1.619,39.8,154.212,301.036
2020-06-01,00Z,SELECTED,0.0,27.1,84.9,-249.607,33.8,-0.61,44.3,198.822,59.323
2020-06-02,00Z,SELECTED,0.0,28.2,86.8,-131.0,34.0,-4.947,48.9,208.818,1104.632
2020-06-03,00Z,SELECTED,4.0,27.8,87.7,-132.787,33.9,-2.042,43.4,193.218,675.653
2020-06-04,00Z,SELECTED,17.0,26.9,88.4,-59.406,38.9,-3.406,45.8,203.857,475.214
2020-06-05,00Z,SELECTED,70.3,24.9,94.5,-66.668,32.5,-0.788,40.2,193.076,194.113
2020-06-06,00Z,SELECTED,0.0,25.9,84.2,0.0,33.1,0.182,43.0,180.358,0.0
2020-06-07,00Z,SELECTED,0.0,26.9,82.3,0.0,34.7,3.093,42.3,195.255,0.0
2020-06-08,00Z,SELECTED,0.0,27.3,85.4,-483.246,26.1,-0.085,44.0,182.301,31.58
2020-06-09,00Z,SELECTED,0.0,27.7,84.6,-226.464,32.9,-1.708,42.2,183.52,278.352
2020-06-10,00Z,SELECTED,0.0,27.3,85.7,-443.186,27.7,-1.148,44.2,163.109,73.708
2020-06-11,00Z,SELECTED,0.0,27.3,83.5,-397.947,33.0,-2.471,49.3,212.537,182.83
2020-06-12,00Z,SELECTED,6.6,27.3,88.0,-4.667,33.1,-4.106,43.2,228.881,2052.126
2020-06-13,00Z,SELECTED,11.0,26.1,88.7,-214.465,37.3,-1.545,45.3,214.499,286.438
2020-06-14,00Z,SELECTED,0.0,27.3,83.8,-312.391,28.5,-2.383,43.2,158.96,471.513
2020-06-15,00Z,SELECTED,0.0,27.8,84.4,-462.133,32.0,-0.661,45.9,205.109,57.335
2020-06-16,00Z,SELECTED,15.0,27.4,87.5,-247.129,34.0,-2.133,44.4,206.361,314.055
2020-06-17,00Z,SELECTED,8.0,26.9,87.7,-145.951,36.2,-1.033,43.4,225.569,236.457
2020-06-18,00Z,SELECTED,7.0,26.3,92.0,-117.562,35.5,-0.728,42.7,211.024,172.115
2020-06-19,00Z,SELECTED,2.3,26.6,85.5,-291.74,31.1,0.223,39.5,168.796,20.188
2020-06-20,00Z,SELECTED,6.0,27.4,88.1,-36.015,36.5,-2.923,44.8,202.886,447.059
2020-06-21,00Z,SELECTED,53.0,26.2,92.1,-12.737,39.4,-4.261,46.1,200.46,886.0
2020-06-22,MISSING,NO_SOUNDING,22.5,24.9,92.8,,,,,,
2020-06-23,00Z,SELECTED,22.5,26.1,84.6,-315.972,35.6,0.767,41.4,198.435,2.691
2020-06-24,00Z,SELECTED,0.0,26.7,83.4,-273.671,33.0,-0.007,43.2,200.335,12.468
2020-06-25,00Z,SELECTED,0.0,27.1,85.4,-336.476,28.9,-0.682,43.2,165.898,56.216
2020-06-26,00Z,SELECTED,0.0,27.3,85.3,-496.519,27.5,0.344,43.8,188.335,2.899
2020-06-27,00Z,SELECTED,0.0,26.8,83.3,0.0,30.7,0.73,44.2,162.137,0.0
2020-06-28,00Z,SELECTED,0.0,27.3,83.9,-362.231,29.1,0.591,41.0,183.079,18.222
2020-06-29,00Z,SELECTED,0.0,27.3,83.9,-511.582,26.5,0.56,43.4,177.704,5.677
2020-06-30,00Z,SELECTED,0.0,27.4,87.5,-215.392,30.6,-2.683,46.5,218.993,627.355
2020-07-01,00Z,SELECTED,0.0,27.4,86.2,-174.796,28.3,-1.09,41.6,196.186,399.051
2020-07-02,00Z,SELECTED,26.0,27.3,86.2,-217.212,25.3,-2.239,42.2,155.588,477.886
2020-07-03,00Z,SELECTED,0.0,27.4,86.6,-254.603,24.3,-1.364,43.0,170.511,207.862
2020-07-04,00Z,SELECTED,1.3,27.7,85.4,-189.314,32.9,-2.023,43.8,195.071,439.792
2020-07-05,00Z,SELECTED,0.0,28.1,83.1,-139.422,28.6,-3.269,44.3,192.332,1014.203
2020-07-06,00Z,SELECTED,0.0,27.9,84.6,0.0,,,,,0.0
2020-07-07,MISSING,NO_SOUNDING,8.0,27.0,87.6,,,,,,
2020-07-08,00Z,SELECTED,117.4,25.1,92.4,-207.6,35.5,0.321,42.9,206.53,20.963
2020-07-09,00Z,SELECTED,24.4,25.0,89.6,-3.041,20.6,0.178,30.2,72.358,128.107
2020-07-10,00Z,SELECTED,0.0,27.0,87.4,-266.466,34.0,-2.447,44.4,143.85,729.993
2020-07-11,00Z,SELECTED,5.0,26.6,91.0,-127.572,33.6,-1.673,43.6,200.081,410.925
2020-07-12,00Z,SELECTED,2.6,26.2,87.0,-295.488,33.2,1.244,41.2,204.814,52.198
2020-07-13,00Z,SELECTED,77.4,25.3,92.1,-129.299,36.8,-1.459,43.8,188.022,437.793
2020-07-14,00Z,SELECTED,0.3,27.1,84.0,-231.249,31.9,-1.935,42.8,164.851,382.711
2020-07-15,00Z,SELECTED,0.0,27.4,86.1,-317.254,29.9,-1.2,42.6,176.47,72.404
2020-07-16,00Z,SELECTED,15.0,27.8,88.2,-169.387,33.5,-3.935,46.2,190.735,703.256
2020-07-17,00Z,SELECTED,4.3,26.8,88.5,-116.802,32.9,-3.171,45.0,192.679,721.929
2020-07-18,00Z,SELECTED,5.0,27.1,90.6,-62.046,33.5,-3.548,45.2,215.707,800.182
2020-07-19,00Z,SELECTED,0.0,26.7,87.8,-107.08,36.5,-2.367,44.5,215.666,611.509
2020-07-20,00Z,SELECTED,0.0,27.0,86.8,-253.219,36.4,-0.387,44.0,222.384,26.497
2020-07-21,00Z,SELECTED,10.0,27.6,88.4,-151.819,33.7,-2.666,44.0,210.84,647.234
2020-07-22,00Z,SELECTED,153.0,25.9,91.9,-128.012,36.6,-0.319,42.7,228.653,136.712
2020-07-23,00Z,SELECTED,45.3,25.9,87.0,-29.208,35.6,-1.139,42.8,237.157,162.56
2020-07-24,00Z,SELECTED,2.0,26.8,88.5,-105.985,36.7,-2.398,43.5,216.899,794.638
2020-07-25,00Z,SELECTED,18.0,26.0,94.4,-152.63,33.7,-1.76,43.6,227.759,334.283
2020-07-26,00Z,SELECTED,0.0,25.8,88.5,0.0,33.2,0.856,43.5,208.735,0.0
2020-07-27,00Z,SELECTED,1.2,26.8,88.1,-164.304,35.1,-0.972,44.2,199.768,162.265
2020-07-28,00Z,SELECTED,63.0,26.0,92.7,-7.469,37.8,-1.221,41.7,216.339,709.471
2020-07-29,00Z,SELECTED,0.0,26.0,87.7,-80.594,28.8,-0.659,42.3,200.758,147.325
2020-07-30,MISSING,NO_SOUNDING,6.0,27.3,86.3,,,,,,
2020-07-31,MISSING,NO_SOUNDING,0.0,26.6,85.4,,,,,,
2020-08-01,MISSING,NO_SOUNDING,20.0,26.4,84.3,,,,,,
2020-08-02,MISSING,NO_SOUNDING,0.0,26.8,83.5,,,,,,
2020-08-03,MISSING,NO_SOUNDING,0.0,26.8,83.5,,,,,,
2020-08-04,00Z,SELECTED,27.0,26.5,87.1,0.0,37.5,0.193,43.3,216.847,0.657
2020-08-05,00Z,SELECTED,0.0,26.7,83.8,-377.259,26.3,1.106,39.6,166.212,6.938
2020-08-06,00Z,SELECTED,0.0,27.0,85.5,-424.926,22.5,-1.07,42.6,153.501,146.757
2020-08-07,00Z,SELECTED,0.0,27.7,85.2,-313.301,27.1,-0.58,38.6,137.725,100.417
2020-08-08,00Z,SELECTED,0.0,27.3,81.8,0.0,29.5,0.146,45.6,200.649,0.0
2020-08-09,00Z,SELECTED,0.0,27.8,82.9,-314.169,27.5,-0.37,41.8,203.101,86.363
2020-08-10,00Z,SELECTED,0.0,27.2,83.7,-408.798,28.5,-0.268,45.0,186.907,17.322
2020-08-11,00Z,SELECTED,0.0,28.2,84.0,-155.399,24.9,-4.782,45.6,188.379,994.138
2020-08-12,00Z,SELECTED,0.0,28.3,84.2,-368.365,23.5,-2.621,46.4,174.645,171.022
2020-08-13,00Z,SELECTED,3.0,27.8,82.0,-199.246,33.3,-2.729,44.8,185.927,570.883
2020-08-14,00Z,SELECTED,0.6,27.8,84.7,-239.698,31.1,-3.051,42.8,127.304,473.152
2020-08-15,00Z,SELECTED,1.0,27.5,81.7,-414.875,33.1,-1.631,45.0,155.647,81.711
2020-08-16,00Z,SELECTED,4.9,26.9,82.2,-372.658,29.1,-2.401,43.8,137.614,415.389
2020-08-17,00Z,SELECTED,10.0,25.8,88.6,-102.499,36.6,-2.674,46.2,204.104,240.89
2020-08-18,00Z,SELECTED,0.0,26.1,86.1,-292.697,34.4,-0.595,44.6,174.788,99.825
2020-08-19,00Z,SELECTED,0.0,27.3,85.3,-129.314,35.4,-4.488,48.1,184.362,949.878
2020-08-20,00Z,SELECTED,0.0,27.4,85.9,-268.592,27.5,-3.133,47.4,202.219,608.959
2020-08-21,00Z,SELECTED,15.0,27.0,89.7,-237.51,29.5,-1.969,44.8,215.647,577.186
2020-08-22,00Z,SELECTED,36.0,25.6,90.7,-196.919,34.9,-0.629,44.2,232.237,69.919
2020-08-23,00Z,SELECTED,0.1,26.2,86.9,-122.282,34.2,-2.322,45.6,206.563,293.329
2020-08-24,00Z,SELECTED,0.0,27.7,87.2,-235.676,31.3,-0.382,41.6,204.207,481.397
2020-08-25,00Z,SELECTED,4.0,27.4,85.9,-108.277,35.8,-2.472,42.4,236.177,1130.19
2020-08-26,00Z,SELECTED,5.0,26.6,89.5,-102.987,32.7,-2.121,42.2,199.161,572.95
2020-08-27,00Z,SELECTED,0.0,27.0,87.9,-153.797,30.5,-1.568,43.6,204.163,115.575
2020-08-28,00Z,SELECTED,0.0,27.1,82.3,0.0,23.5,0.558,41.2,180.731,0.0
2020-08-29,00Z,SELECTED,0.0,27.3,84.2,0.0,32.3,0.188,40.4,164.791,0.772
2020-08-30,00Z,SELECTED,31.0,26.3,88.5,-176.187,31.9,-1.081,43.2,200.014,164.71
2020-08-31,00Z,SELECTED,50.0,26.1,90.2,-164.288,35.8,-0.486,42.9,217.101,85.934
2020-09-01,00Z,SELECTED,7.0,25.6,90.2,-73.236,30.9,-1.248,42.8,204.814,105.533
2020-09-02,00Z,SELECTED,0.0,26.4,85.3,0.0,26.9,1.496,41.6,181.135,0.0
2020-09-03,00Z,SELECTED,22.8,26.4,89.2,-152.128,34.6,-1.34,41.8,202.989,271.672
2020-09-04,00Z,SELECTED,34.3,25.4,92.7,-118.592,34.7,-0.923,43.5,220.937,142.759
2020-09-05,00Z,SELECTED,8.7,26.3,87.8,-89.084,39.7,-1.834,47.3,223.786,179.442
2020-09-06,00Z,SELECTED,3.0,26.3,86.2,-214.047,30.1,-0.541,43.8,223.609,47.622
2020-09-07,00Z,SELECTED,0.0,27.4,85.0,-165.843,25.9,-0.077,42.0,231.527,188.311
2020-09-08,00Z,SELECTED,68.0,26.4,91.0,-213.212,37.0,-2.196,45.3,195.696,149.979
2020-09-09,00Z,SELECTED,0.0,26.3,86.9,-75.322,36.1,-0.623,41.1,223.584,232.384
2020-09-10,00Z,SELECTED,79.0,25.2,90.9,-8.508,,,,,48.241
2020-09-11,00Z,SELECTED,1.0,26.5,84.7,0.0,,,,,0.0
2020-09-12,00Z,SELECTED,3.5,26.9,83.9,-81.124,35.1,-0.177,40.2,211.355,77.455
2020-09-13,00Z,SELECTED,0.0,27.3,79.7,-296.542,32.3,1.017,40.3,205.415,44.924
2020-09-14,00Z,SELECTED,0.0,27.3,80.5,-319.092,30.1,-0.643,44.4,200.993,82.944
2020-09-15,00Z,SELECTED,0.0,27.6,80.9,-182.927,30.7,-1.243,44.8,219.071,212.915
2020-09-16,00Z,SELECTED,0.0,27.3,82.2,-79.674,33.1,-2.345,44.8,234.443,390.023
2020-09-17,00Z,SELECTED,7.0,26.8,84.3,-84.207,32.3,-1.066,39.6,190.878,408.432
2020-09-18,00Z,SELECTED,12.0,26.2,89.1,-193.237,31.3,0.379,41.4,207.162,4.642
2020-09-19,00Z,SELECTED,2.0,26.7,85.8,-246.153,34.6,-1.227,45.2,181.742,124.463
2020-09-20,00Z,SELECTED,0.0,27.6,85.7,-319.045,33.9,-1.535,46.2,245.837,83.25
2020-09-21,00Z,SELECTED,34.5,26.6,88.3,-131.303,36.8,-2.67,44.8,207.333,634.166
2020-09-22,00Z,SELECTED,2.9,27.2,86.1,-305.429,36.2,-0.908,44.0,178.481,224.838
2020-09-23,00Z,SELECTED,29.0,25.8,91.0,-246.665,36.5,-2.005,46.6,198.847,181.902
2020-09-24,00Z,SELECTED,26.0,25.6,87.2,-127.146,35.4,-1.366,44.8,221.725,241.768
2020-09-25,00Z,SELECTED,37.0,25.9,89.3,-227.979,35.6,-0.467,45.4,229.389,40.7
2020-09-26,00Z,SELECTED,2.7,25.0,90.9,-69.075,37.3,-1.085,42.9,213.476,304.34
2020-09-27,00Z,SELECTED,19.3,25.4,85.5,0.0,32.8,0.833,43.2,171.73,0.0
2020-09-28,00Z,SELECTED,0.0,27.1,82.2,-131.29,34.2,-2.028,44.5,185.139,288.718
2020-09-29,00Z,SELECTED,7.0,26.8,86.1,-276.874,32.4,0.365,41.9,228.555,65.902
2020-09-30,00Z,SELECTED,33.0,26.5,88.0,-152.306,33.5,-0.173,41.3,249.496,175.284
2020-10-01,00Z,SELECTED,79.0,25.4,93.7,-129.728,34.7,-0.866,42.4,205.33,123.535
2020-10-02,00Z,SELECTED,26.0,24.5,92.0,-282.248,37.6,-1.088,47.5,208.989,13.131
2020-10-03,00Z,SELECTED,12.5,26.0,86.5,-259.158,36.2,-1.471,45.2,201.411,108.927
2020-10-04,00Z,SELECTED,1.9,26.5,87.8,-219.514,35.2,-1.7,46.3,219.045,163.678
2020-10-05,00Z,SELECTED,16.1,26.4,88.9,-106.781,32.7,-0.911,41.1,204.593,228.071
2020-10-06,00Z,SELECTED,7.8,25.3,88.2,-157.277,36.2,-0.212,43.4,205.532,16.896
2020-10-07,00Z,SELECTED,35.0,24.7,93.7,-64.472,38.1,-0.773,43.8,242.869,151.867
2020-10-08,00Z,SELECTED,74.0,24.3,95.5,0.0,36.6,0.833,42.0,241.695,0.929
2020-10-09,00Z,SELECTED,4.4,24.7,84.0,0.0,32.9,1.985,39.9,241.265,0.0
2020-10-10,00Z,SELECTED,43.6,25.9,81.9,0.0,33.3,2.065,39.4,195.325,0.0
2020-10-11,00Z,SELECTED,0.0,27.7,78.7,-252.558,33.2,1.076,40.3,213.781,7.761
2020-10-12,00Z,SELECTED,0.0,27.6,78.2,-326.461,26.9,-0.24,42.4,181.195,24.931
2020-10-13,00Z,SELECTED,0.5,27.6,85.5,-102.194,34.1,-2.518,43.6,205.591,652.232
2020-10-14,00Z,SELECTED,0.0,27.4,82.9,-202.532,33.1,-0.605,38.8,157.786,418.399
2020-10-15,12Z,SELECTED,1.0,27.8,79.5,-49.448,33.9,-2.574,41.5,197.901,929.681
2020-10-16,12Z,SELECTED,0.8,27.9,80.3,-49.242,31.7,-4.904,43.8,224.327,2254.543
2020-10-17,12Z,SELECTED,0.0,27.9,78.3,-38.596,36.4,-2.697,42.0,188.022,506.772
2020-10-18,12Z,SELECTED,0.0,27.6,81.0,-57.933,27.9,-3.981,41.2,175.812,1229.293
2020-10-19,12Z,SELECTED,0.0,27.9,81.1,-88.438,31.4,-2.611,43.3,218.133,646.957
2020-10-20,12Z,SELECTED,0.0,28.1,76.8,-32.344,31.4,-4.249,42.3,221.751,1684.086
2020-10-21,12Z,SELECTED,0.8,27.9,81.3,-27.87,33.4,-2.837,41.0,250.375,1234.273
2020-10-22,12Z,SELECTED,2.0,27.2,82.2,-35.865,35.3,-3.344,42.9,233.041,1274.301
2020-10-23,12Z,SELECTED,22.0,27.0,83.9,-16.949,36.2,-4.814,43.4,227.699,2578.076
2020-10-24,12Z,SELECTED,0.0,27.5,84.8,-44.295,31.2,-3.529,41.9,195.561,1149.665
2020-10-25,12Z,SELECTED,6.5,26.4,86.1,-45.936,35.2,-3.15,43.7,206.589,724.177
2020-10-26,12Z,SELECTED,3.0,26.3,84.2,-28.083,32.1,-0.189,39.2,197.269,53.981
2020-10-27,12Z,SELECTED,0.3,26.1,81.1,-30.132,32.3,-2.822,42.0,190.414,818.671
2020-10-28,12Z,SELECTED,0.0,27.2,81.6,-15.126,33.9,-3.624,42.1,207.763,1619.286
2020-10-29,12Z,SELECTED,0.0,27.5,81.3,-10.973,30.4,-5.256,42.9,201.273,2253.978
2020-10-30,12Z,SELECTED,0.0,27.7,83.1,-51.56,36.6,-5.216,45.1,196.676,1852.002
2020-10-31,12Z,SELECTED,6.3,26.8,87.2,-7.644,31.5,-4.688,42.8,212.066,1269.869
2020-11-01,12Z,SELECTED,1.2,26.3,84.0,-75.713,31.9,-3.032,42.4,174.13,747.981
2020-11-02,12Z,SELECTED,2.0,26.7,84.2,-83.44,32.8,-2.442,42.0,184.499,558.276
2020-11-03,12Z,SELECTED,7.0,26.7,86.3,0.0,38.5,-2.908,44.3,250.872,547.519
2020-11-04,12Z,SELECTED,8.7,25.9,83.7,-63.966,29.8,-2.555,40.5,171.457,808.255
2020-11-05,12Z,SELECTED,0.0,27.0,85.0,-44.531,35.9,-2.591,41.7,213.019,1338.401
2020-11-06,00Z,SELECTED,0.0,27.5,84.2,-184.506,35.4,-1.15,42.5,199.33,291.404
2020-11-07,12Z,SELECTED,7.6,27.0,87.4,-38.912,33.7,-2.475,42.5,216.078,953.95
2020-11-08,12Z,SELECTED,5.6,26.9,86.4,-25.554,29.7,-4.093,42.2,174.137,1440.263
2020-11-09,12Z,SELECTED,3.2,26.7,85.1,-31.265,36.3,-4.252,43.6,208.447,1962.348
2020-11-10,12Z,SELECTED,10.5,27.3,80.5,-135.308,33.9,-4.247,44.6,158.975,1310.728
2020-11-11,12Z,SELECTED,0.0,28.1,83.1,-116.617,36.9,-1.356,42.9,228.586,662.65
2020-11-12,12Z,SELECTED,0.0,28.0,84.3,0.0,33.8,-8.927,42.7,246.612,6436.987
2020-11-13,12Z,SELECTED,4.0,28.5,85.3,-43.816,36.7,-5.36,45.8,243.214,2188.037
2020-11-14,12Z,SELECTED,0.3,28.3,84.3,-27.129,38.1,-3.258,41.5,229.879,1942.916
2020-11-15,12Z,SELECTED,32.0,27.2,89.7,-18.594,38.7,-5.293,45.7,239.209,1997.65
2020-11-16,12Z,SELECTED,126.0,26.3,90.2,-56.731,36.6,-3.848,45.8,232.186,948.896
2020-11-17,12Z,SELECTED,59.1,26.7,89.2,-18.134,38.0,-1.886,42.7,240.13,525.962
2020-11-18,12Z,SELECTED,17.5,26.5,89.3,-23.124,38.8,-4.258,44.1,218.934,1707.258
2020-11-19,12Z,SELECTED,65.0,26.6,90.4,-21.43,34.8,-2.904,42.7,232.683,1430.956
2020-11-20,12Z,SELECTED,33.0,26.4,90.6,-41.784,34.2,-2.371,43.0,205.599,284.429
2020-11-21,12Z,SELECTED,23.0,25.2,94.9,-38.462,36.6,-0.644,41.9,231.561,80.055
2020-11-22,12Z,SELECTED,1.6,26.2,87.0,-11.175,37.2,-3.803,43.5,234.873,1623.99
2020-11-23,12Z,SELECTED,31.0,26.6,86.0,-62.69,38.4,-0.991,43.9,258.723,170.925
2020-11-24,12Z,SELECTED,67.0,25.6,90.6,-49.257,34.3,-0.518,41.9,223.845,86.772
2020-11-25,12Z,SELECTED,3.0,26.0,87.0,-126.393,37.3,-0.434,42.1,213.999,115.378
2020-11-26,12Z,SELECTED,141.8,25.6,89.0,-32.222,37.1,-1.813,43.7,245.041,336.413
2020-11-27,12Z,SELECTED,15.0,26.1,85.5,-137.436,35.3,-1.635,43.5,229.415,93.421
2020-11-28,12Z,SELECTED,3.0,26.1,86.8,-34.311,33.8,-2.738,41.9,211.449,944.521
2020-11-29,12Z,SELECTED,20.3,26.8,81.3,-70.256,34.0,0.299,39.3,224.615,272.693
2020-11-30,12Z,SELECTED,0.0,27.5,79.5,-117.275,29.1,-0.521,38.4,219.385,452.047
2020-12-01,12Z,SELECTED,0.0,26.9,77.8,-73.122,22.9,-2.483,39.4,160.305,351.624
2020-12-02,12Z,SELECTED,0.0,26.6,75.5,0.0,16.1,2.545,32.6,132.723,0.705
2020-12-03,12Z,SELECTED,0.0,26.1,80.2,-54.586,32.9,-2.281,38.7,195.299,887.577
2020-12-04,12Z,SELECTED,0.0,26.9,82.6,-83.15,34.8,-2.656,42.8,188.993,441.158
2020-12-05,12Z,SELECTED,0.0,26.7,81.3,-34.39,30.9,-3.665,40.4,186.847,1707.847
2020-12-06,12Z,SELECTED,0.0,27.6,77.8,-81.713,33.1,-2.798,43.3,196.937,662.427
2020-12-07,12Z,SELECTED,0.0,27.6,81.0,-13.866,36.6,-5.044,45.7,203.427,1582.444
2020-12-08,12Z,SELECTED,3.0,27.9,81.8,-40.636,37.2,-4.286,42.8,212.986,2007.707
2020-12-09,12Z,SELECTED,0.0,27.9,80.3,-30.344,35.1,-3.46,40.8,211.363,1775.729
2020-12-10,12Z,SELECTED,218.4,25.6,88.7,0.0,28.6,2.475,41.3,224.809,0.0
2020-12-11,12Z,SELECTED,21.0,26.1,82.7,-51.537,33.2,-2.303,43.3,221.953,373.097
2020-12-12,12Z,SELECTED,14.5,25.7,85.0,-84.645,27.1,-0.126,37.4,182.869,77.232
2020-12-13,12Z,SELECTED,11.0,26.0,84.8,-60.104,31.7,-4.29,44.6,188.066,762.294
2020-12-14,12Z,SELECTED,0.0,26.2,85.8,-30.605,33.6,-3.034,43.2,206.04,713.66
2020-12-15,12Z,SELECTED,2.5,26.3,84.4,-30.644,33.2,-2.93,41.4,207.273,1092.333
2020-12-16,12Z,SELECTED,20.0,25.7,87.3,-2.957,33.4,-2.851,41.6,202.683,1224.321
2020-12-17,12Z,SELECTED,6.0,25.9,85.8,-15.69,32.8,-2.324,41.5,200.765,876.946
2020-12-18,12Z,SELECTED,15.6,26.0,86.9,-39.999,32.3,-1.563,41.5,213.333,410.673
2020-12-19,12Z,SELECTED,0.6,27.0,81.9,-31.446,34.7,-3.61,43.3,201.991,1030.448
2020-12-20,12Z,SELECTED,0.0,27.3,81.9,-29.619,34.1,-3.653,45.4,227.132,1355.313
2020-12-21,12Z,SELECTED,0.0,27.2,82.4,-56.053,33.2,-3.763,45.5,214.904,1278.903
2020-12-22,12Z,SELECTED,0.0,27.2,82.8,-36.195,29.8,-3.751,44.1,209.596,1751.131
2020-12-23,12Z,SELECTED,2.0,28.3,81.9,-13.672,35.4,-4.659,42.5,210.425,2066.468
2020-12-24,12Z,SELECTED,73.0,26.7,83.4,-78.579,,,,,55.445
2020-12-25,12Z,SELECTED,0.0,26.6,82.1,-39.481,25.7,-4.723,46.8,205.786,839.296
2020-12-26,12Z,SELECTED,0.2,26.8,85.5,-20.088,29.7,-2.995,40.4,192.933,1095.801
2020-12-27,12Z,SELECTED,0.1,27.2,78.9,0.0,33.7,20.868,42.2,203.647,0.0
2020-12-28,12Z,SELECTED,2.0,27.6,84.0,-21.582,33.8,-4.781,42.8,212.276,1999.163
2020-12-29,12Z,SELECTED,1.0,27.1,83.3,-35.63,36.2,-2.6,42.8,195.424,1048.672
2020-12-30,12Z,SELECTED,1.0,27.3,80.7,-20.888,33.6,-2.76,41.2,197.816,1041.039
2020-12-31,12Z,SELECTED,2.8,26.9,84.2,-56.013,33.9,-3.276,44.2,195.424,1407.112
2021-01-01,12Z,SELECTED,13.0,27.2,85.0,-98.771,38.8,-3.207,45.7,205.506,1099.716
2021-01-02,12Z,SELECTED,0.0,27.2,84.0,-33.18,36.4,-4.247,44.0,211.565,2129.927
2021-01-03,00Z,SELECTED,12.0,27.8,79.2,-102.841,39.2,-0.046,44.3,236.107,198.77
2021-01-04,12Z,SELECTED,0.0,26.8,79.1,-45.097,22.1,-4.507,39.4,148.709,2047.328
2021-01-05,12Z,SELECTED,0.0,27.5,79.9,-0.524,30.3,-7.005,40.8,157.845,3510.799
2021-01-06,12Z,SELECTED,1.0,27.6,83.5,-22.825,29.8,-3.42,40.9,207.553,1226.302
2021-01-07,12Z,SELECTED,6.0,27.5,80.8,-110.443,35.9,-1.646,44.1,224.25,674.901
2021-01-08,12Z,SELECTED,2.0,27.4,82.5,-79.237,,,,,41.576
2021-01-09,12Z,SELECTED,105.0,25.4,88.6,-57.263,33.5,-1.966,40.8,182.706,636.96
2021-01-10,12Z,SELECTED,0.0,27.0,83.0,-19.234,34.9,-5.343,44.0,197.106,2877.471
2021-01-11,12Z,SELECTED,6.0,26.8,87.3,-56.87,38.8,-2.421,45.2,229.068,400.951
2021-01-12,12Z,SELECTED,10.2,25.7,90.4,-36.994,36.7,-3.421,44.2,205.218,1590.017
2021-01-13,12Z,SELECTED,4.0,27.1,83.7,-65.079,35.7,-4.872,43.8,175.05,1912.506
2021-01-14,12Z,SELECTED,0.0,27.6,81.1,-50.365,21.3,-4.528,38.2,109.286,2579.915
2021-01-15,00Z,SELECTED,0.0,27.1,84.1,0.0,20.1,1.881,38.4,126.847,0.0
2021-01-16,12Z,SELECTED,0.0,27.4,78.3,-40.541,31.1,-6.602,46.0,181.278,2340.259
2021-01-17,12Z,SELECTED,0.0,27.9,78.8,-13.468,35.7,-3.984,44.8,224.641,1082.149
2021-01-18,12Z,SELECTED,0.9,27.3,80.6,-28.452,32.6,-4.795,44.7,179.57,1589.105
2021-01-19,12Z,SELECTED,0.0,27.6,78.1,-55.121,30.3,-3.689,43.2,166.227,852.893
2021-01-20,12Z,SELECTED,0.0,27.1,79.8,-20.071,29.1,-2.949,38.8,197.666,1510.642
2021-01-21,12Z,SELECTED,0.0,27.3,79.5,-64.722,33.5,-1.205,40.3,185.393,486.969
2021-01-22,12Z,SELECTED,0.0,27.5,78.5,-49.085,28.3,-0.942,40.6,209.277,527.77
2021-01-23,12Z,SELECTED,0.0,27.8,76.9,-22.502,34.0,-3.237,42.4,186.645,1035.45
2021-01-24,12Z,SELECTED,0.0,27.8,78.6,-11.485,31.9,-6.01,43.6,179.386,2658.377
2021-01-25,12Z,SELECTED,10.0,27.2,82.8,-2.645,31.2,-4.857,41.3,188.96,2558.892
2021-01-26,12Z,SELECTED,5.0,26.9,82.9,-33.572,35.1,-2.484,41.2,178.481,883.981
2021-01-27,12Z,SELECTED,40.0,26.5,86.4,-156.908,36.8,0.282,42.7,212.353,7.409
2021-01-28,12Z,SELECTED,1.0,25.5,85.1,-11.847,29.1,-4.387,43.8,208.709,1937.32
2021-01-29,12Z,SELECTED,5.5,27.7,80.3,-22.073,39.5,-3.711,46.4,243.984,1722.542
2021-01-30,12Z,SELECTED,14.5,26.4,86.7,-67.272,36.9,-2.482,42.8,195.686,1276.3
2021-01-31,12Z,SELECTED,2.5,27.2,82.7,-40.32,33.5,-3.742,43.2,190.878,2052.039
2021-02-01,12Z,SELECTED,46.0,26.9,88.7,-183.907,38.5,-1.453,45.4,202.878,198.18
2021-02-02,12Z,SELECTED,0.0,26.5,87.4,-106.72,35.8,-3.385,46.0,195.162,884.561
2021-02-03,12Z,SELECTED,0.0,27.2,86.4,-63.653,34.2,-3.104,43.9,194.739,1128.256
2021-02-04,12Z,SELECTED,0.0,27.3,84.5,-18.996,36.5,-5.508,45.4,210.855,2615.207
2021-02-05,12Z,SELECTED,0.0,28.1,80.7,-54.562,32.4,-3.875,43.3,195.255,1715.406
2021-02-06,12Z,SELECTED,0.0,28.5,77.5,-22.157,34.1,-4.142,45.4,212.216,1311.159
2021-02-07,12Z,SELECTED,0.0,27.9,76.5,-14.379,31.6,-4.845,43.9,207.763,1641.599
2021-02-08,12Z,SELECTED,0.0,28.4,77.6,-30.389,35.7,-5.452,44.4,195.019,1872.804
2021-02-09,12Z,SELECTED,0.0,28.2,80.8,-43.21,32.2,-5.076,45.1,204.391,1453.374
2021-02-10,00Z,SELECTED,0.0,28.1,81.1,-200.924,28.2,-1.356,43.1,196.212,97.806
2021-02-11,00Z,SELECTED,0.0,27.4,81.0,0.0,30.0,1.543,41.7,214.507,0.0
2021-02-12,00Z,SELECTED,0.0,27.8,78.3,-386.813,31.3,0.266,43.2,191.386,1.421
2021-02-13,00Z,SELECTED,0.0,28.0,82.8,-194.495,22.9,-0.021,42.4,206.25,194.139
2021-02-14,00Z,SELECTED,0.0,27.8,81.2,-239.326,33.4,-0.83,44.7,209.85,231.472
2021-02-15,00Z,SELECTED,0.0,28.5,82.3,-75.078,36.2,-4.854,47.5,221.191,1620.058
2021-02-16,00Z,SELECTED,0.0,28.3,80.6,-84.152,36.9,-3.632,45.7,223.845,962.85
2021-02-17,00Z,SELECTED,0.0,27.8,79.5,-515.072,12.5,-0.336,42.2,141.711,3.921
2021-02-18,00Z,SELECTED,1.0,27.6,81.0,-129.504,29.6,-1.01,42.1,188.25,296.091
2021-02-19,00Z,SELECTED,0.0,28.0,79.1,-217.309,31.3,-1.044,42.6,169.218,368.605
2021-02-20,00Z,SELECTED,0.0,27.9,78.2,-347.759,34.3,-0.342,43.8,170.25,55.368
2021-02-21,00Z,SELECTED,0.0,28.0,82.1,-267.302,33.3,-0.432,43.2,191.393,110.706
2021-02-22,00Z,SELECTED,0.0,28.5,84.7,-180.666,37.3,-2.232,45.2,195.939,394.638
2021-02-23,00Z,SELECTED,11.8,27.8,83.9,-179.357,36.9,-1.43,45.4,215.386,230.26
2021-02-24,00Z,SELECTED,4.7,27.9,84.3,-154.811,29.8,-1.556,41.3,205.272,423.181
2021-02-25,00Z,SELECTED,8.4,27.0,86.7,-142.648,36.1,-1.461,46.0,228.477,178.555
2021-02-26,00Z,SELECTED,17.0,25.3,92.5,-324.681,33.7,0.207,43.3,235.037,4.735
2021-02-27,00Z,SELECTED,1.0,26.7,84.1,0.0,34.5,0.072,45.7,221.303,0.0
2021-02-28,00Z,SELECTED,0.0,27.6,82.2,0.0,15.0,14.84,41.9,173.588,0.0
2021-03-01,00Z,SELECTED,0.0,28.2,76.9,0.0,31.6,14.658,43.9,198.612,0.0
2021-03-02,00Z,SELECTED,101.0,26.9,90.0,-108.738,34.0,-3.865,46.1,212.758,1659.68
2021-03-03,00Z,SELECTED,9.5,25.3,89.9,-186.104,36.1,-0.796,44.1,193.304,157.0
2021-03-04,00Z,SELECTED,2.0,26.6,84.2,-377.934,31.1,-0.945,44.6,171.924,96.233
2021-03-05,00Z,SELECTED,0.0,27.8,85.2,-182.768,34.7,-3.513,46.0,203.386,1122.605
2021-03-06,00Z,SELECTED,5.0,27.3,85.0,-113.833,36.7,-3.077,47.1,217.304,751.905
2021-03-07,00Z,SELECTED,102.5,25.7,86.3,-29.212,32.6,-0.414,41.4,202.009,188.235
2021-03-08,00Z,SELECTED,5.5,26.5,85.0,-183.114,34.6,-0.342,44.5,213.991,89.346
2021-03-09,00Z,SELECTED,16.8,26.5,89.6,-149.59,35.9,-3.02,47.2,207.737,937.406
2021-03-10,00Z,SELECTED,40.0,26.0,87.8,-337.128,29.7,-0.101,43.2,174.189,21.136
2021-03-11,00Z,SELECTED,0.0,26.9,82.4,-211.531,34.9,-0.326,44.9,216.586,85.323
2021-03-12,00Z,SELECTED,0.0,27.0,86.1,0.0,36.1,17.281,44.3,206.268,0.0
2021-03-13,00Z,SELECTED,3.0,26.6,83.5,-90.727,34.0,-1.823,44.3,199.742,680.03
2021-03-14,00Z,SELECTED,0.0,27.3,84.2,-96.333,35.4,-2.393,45.1,196.362,788.205
2021-03-15,00Z,SELECTED,0.0,27.7,82.4,-165.965,34.9,-2.319,47.6,216.044,372.915
2021-03-16,00Z,SELECTED,21.4,27.0,87.8,-138.65,35.9,-2.342,45.5,205.573,809.94
2021-03-17,00Z,SELECTED,0.6,26.4,86.6,-167.296,34.8,-1.158,44.4,210.907,229.857
2021-03-18,00Z,SELECTED,0.4,26.5,86.9,-212.845,35.5,-0.948,45.3,205.819,78.928
2021-03-19,00Z,SELECTED,2.0,27.1,86.1,-38.706,38.9,-2.303,44.8,207.686,857.129
2021-03-20,00Z,SELECTED,21.0,26.8,87.6,-61.755,37.3,-3.538,47.2,202.886,674.76
2021-03-21,00Z,SELECTED,84.2,25.8,91.1,,,,,,
2021-03-22,00Z,SELECTED,42.0,25.9,88.2,-259.223,35.4,-1.356,45.4,180.306,54.98
2021-03-23,00Z,SELECTED,52.0,26.0,87.4,-195.18,33.7,-0.628,43.6,219.012,114.771
2021-03-24,00Z,SELECTED,5.0,26.5,87.7,-75.362,38.0,-2.407,45.5,216.847,342.14
2021-03-25,00Z,SELECTED,13.0,27.3,89.5,-175.311,35.1,-3.228,45.0,183.483,1054.207
2021-03-26,00Z,SELECTED,102.0,27.0,90.8,-102.21,36.3,-3.345,46.3,199.996,1076.821
2021-03-27,00Z,SELECTED,5.0,27.2,89.9,-99.309,34.1,-1.961,42.9,191.368,541.329
2021-03-28,00Z,SELECTED,7.8,27.4,91.2,0.0,39.3,0.334,45.6,252.013,0.229
2021-03-29,00Z,SELECTED,8.0,26.3,90.1,-128.124,36.6,-1.796,45.6,231.722,181.029
2021-03-30,00Z,SELECTED,24.8,26.4,91.0,-122.091,36.7,-1.112,43.6,222.847,95.64
2021-03-31,00Z,SELECTED,3.0,25.8,90.8,-27.387,37.0,-2.866,42.9,250.095,1273.369
2021-04-01,00Z,SELECTED,0.0,26.8,89.3,-386.483,30.0,1.57,42.5,209.557,3.569
2021-04-02,00Z,SELECTED,0.8,27.9,87.2,-196.436,33.2,0.022,41.1,260.576,94.253
2021-04-03,00Z,SELECTED,18.3,26.6,89.6,0.0,39.1,0.839,45.0,277.342,0.0
2021-04-04,00Z,SELECTED,61.6,26.3,86.2,0.0,33.4,2.272,41.9,257.704,0.0
2021-04-05,00Z,SELECTED,0.0,26.9,89.8,-307.129,40.1,-1.51,47.9,248.607,114.685
2021-04-06,00Z,SELECTED,0.0,27.5,83.8,-270.822,30.7,0.282,43.2,227.445,45.126
2021-04-07,00Z,SELECTED,0.0,28.0,83.4,-163.913,25.6,-2.521,45.1,215.666,286.471
2021-04-08,00Z,SELECTED,20.0,27.6,83.6,-48.42,32.7,-3.769,46.0,236.522,1133.232
2021-04-09,00Z,SELECTED,0.6,28.2,82.8,-125.51,35.3,-3.116,46.6,238.981,823.755
2021-04-10,00Z,SELECTED,0.3,28.0,83.4,-93.776,38.5,-4.082,47.1,217.05,1380.817
2021-04-11,00Z,SELECTED,0.0,27.6,85.2,-103.694,38.0,-3.683,46.9,210.822,1033.716
2021-04-12,00Z,SELECTED,3.0,27.4,86.5,-104.969,32.7,-3.601,44.6,168.246,939.408
2021-04-13,00Z,SELECTED,2.0,27.9,85.9,-68.312,33.2,-4.134,47.1,220.219,1051.717
2021-04-14,00Z,SELECTED,0.0,27.7,81.3,-4.815,21.1,-3.188,43.8,104.478,770.932
2021-04-15,00Z,SELECTED,0.0,27.3,85.6,-119.05,36.6,-1.486,43.6,206.25,543.349
2021-04-16,00Z,SELECTED,0.0,26.9,84.4,-305.643,35.4,-1.202,45.9,180.086,118.741
2021-04-17,00Z,SELECTED,14.0,26.0,87.9,-110.412,33.7,0.204,41.6,185.824,73.137
2021-04-18,00Z,SELECTED,0.0,26.6,80.8,0.0,30.7,0.555,44.2,206.817,0.0
2021-04-19,00Z,SELECTED,0.0,27.7,81.4,-127.256,34.2,-1.737,44.7,207.45,374.472
2021-04-20,00Z,SELECTED,0.0,27.6,80.9,-181.009,29.9,-1.445,43.2,172.455,199.157
2021-04-21,00Z,SELECTED,0.0,28.4,81.4,-123.242,32.0,-1.236,42.3,205.506,541.965
2021-04-22,00Z,SELECTED,85.0,26.5,86.1,-111.025,35.2,-2.182,46.0,207.872,229.255
2021-04-23,00Z,SELECTED,44.0,27.0,82.1,-156.668,33.6,-1.66,43.1,188.765,373.762
2021-04-24,00Z,SELECTED,0.0,27.5,80.8,-243.691,29.8,-0.36,43.1,220.279,144.467
2021-04-25,00Z,SELECTED,9.0,27.3,82.8,-248.667,31.2,-0.675,44.1,200.19,42.177
2021-04-26,MISSING,NO_SOUNDING,17.0,27.8,83.7,,,,,,
2021-04-27,00Z,SELECTED,4.0,27.7,83.5,-255.33,33.1,-0.986,44.4,206.825,189.215
2021-04-28,00Z,SELECTED,0.0,27.6,84.5,-86.636,34.9,-3.293,44.4,188.934,1151.326
2021-04-29,00Z,SELECTED,7.3,27.0,88.9,-31.123,38.9,-4.659,47.2,234.332,1792.693
2021-04-30,00Z,SELECTED,53.0,26.6,85.7,-275.079,32.1,-1.802,43.6,168.619,201.643
2021-05-01,00Z,SELECTED,32.0,26.9,88.9,-288.072,31.3,-1.974,43.8,171.686,378.483
2021-05-02,00Z,SELECTED,0.6,27.3,85.4,-150.114,30.5,-2.148,43.0,206.758,745.832
2021-05-03,00Z,SELECTED,0.0,28.2,85.1,-166.078,29.9,-1.901,41.4,217.897,477.607
2021-05-04,00Z,SELECTED,74.0,27.6,89.7,-115.943,33.9,-3.359,45.2,217.786,918.927
2021-05-05,00Z,SELECTED,36.2,26.8,87.5,-387.556,31.3,-1.943,45.8,193.068,250.368
2021-05-06,MISSING,NO_SOUNDING,19.0,27.2,84.8,,,,,,
2021-05-07,00Z,SELECTED,0.0,28.1,83.5,-185.392,33.4,-1.688,44.1,206.478,570.19
2021-05-08,00Z,SELECTED,2.0,27.4,86.5,0.0,33.4,14.927,45.5,205.819,0.0
2021-05-09,00Z,SELECTED,0.0,27.0,87.6,-107.609,35.9,-1.32,43.0,206.714,269.331
2021-05-10,00Z,SELECTED,0.0,28.2,85.5,-78.612,36.7,-4.082,46.1,216.788,1490.463
2021-05-11,00Z,SELECTED,12.0,28.3,84.4,-142.716,37.5,-1.956,43.9,216.855,580.596
2021-05-12,MISSING,NO_SOUNDING,88.8,26.9,90.6,,,,,,
2021-05-13,00Z,SELECTED,33.2,27.6,86.4,-146.008,35.5,-1.086,43.0,214.429,184.067
2021-05-14,00Z,SELECTED,18.0,26.5,89.7,-118.82,33.6,-1.166,42.1,221.393,320.265
2021-05-15,00Z,SELECTED,20.0,27.4,87.4,-97.856,35.9,-2.211,42.6,200.68,445.091
2021-05-16,00Z,SELECTED,3.6,27.7,84.9,-113.079,31.3,-1.601,42.8,198.339,211.099
2021-05-17,00Z,SELECTED,67.2,26.7,88.6,-141.931,34.7,-1.684,44.2,211.109,174.133
2021-05-18,00Z,SELECTED,20.0,26.2,86.2,-219.993,35.8,0.745,42.0,222.899,13.103
2021-05-19,00Z,SELECTED,0.0,27.2,84.8,-333.611,34.4,-2.549,46.0,184.193,112.381
2021-05-20,00Z,SELECTED,0.0,28.2,83.1,-117.577,35.3,-2.673,44.8,215.588,874.158
2021-05-21,00Z,SELECTED,0.0,28.1,83.2,-227.765,30.4,-0.265,41.5,193.962,95.597
2021-05-22,00Z,SELECTED,0.0,28.1,83.6,-74.739,34.4,-3.713,44.8,208.65,1158.69
2021-05-23,00Z,SELECTED,0.0,27.8,80.5,-177.372,21.9,-1.4,38.2,132.814,200.593
2021-05-24,00Z,SELECTED,0.0,28.1,84.4,-70.209,38.2,-3.501,45.6,230.25,1053.505
2021-05-25,00Z,SELECTED,0.0,27.9,83.1,-227.252,32.6,-1.528,44.7,199.996,209.058
2021-05-26,00Z,SELECTED,0.0,28.7,82.0,-207.276,31.7,-2.193,44.0,210.653,488.087
2021-05-27,00Z,SELECTED,24.0,27.7,89.3,-86.616,36.1,-3.071,43.7,230.53,912.874
2021-05-28,00Z,SELECTED,28.6,26.1,92.1,-124.091,36.1,-1.822,44.6,222.601,335.173
2021-05-29,00Z,SELECTED,94.0,25.4,91.0,-84.143,38.6,-1.061,44.5,235.643,28.712
2021-05-30,00Z,SELECTED,0.0,27.4,84.5,-228.453,32.2,1.363,38.9,218.081,98.917
2021-05-31,00Z,SELECTED,58.0,26.7,86.4,-164.082,34.4,-1.627,45.3,234.933,96.308
2021-06-01,00Z,SELECTED,0.0,27.1,81.9,-173.553,33.5,-0.126,42.0,205.793,5.872
2021-06-02,00Z,SELECTED,0.0,27.5,84.2,-139.63,33.2,-1.128,41.3,203.673,92.926
2021-06-03,00Z,SELECTED,0.0,28.5,82.9,-123.912,31.5,-2.331,42.4,189.898,509.549
2021-06-04,00Z,SELECTED,3.0,27.7,87.7,-86.742,31.9,-3.387,44.8,227.132,929.282
2021-06-05,00Z,SELECTED,38.9,25.4,90.8,-42.963,37.3,-2.293,43.2,227.124,679.193
2021-06-06,00Z,SELECTED,0.0,26.7,80.6,-176.271,20.9,-0.523,39.4,163.363,53.076
2021-06-07,00Z,SELECTED,0.0,27.1,80.3,-317.3,31.8,1.501,41.3,214.44,2.074
2021-06-08,00Z,SELECTED,1.0,27.1,82.5,0.0,33.0,0.3,44.1,202.896,0.0
2021-06-09,00Z,SELECTED,32.0,26.7,83.6,-111.377,37.0,-1.361,43.7,214.245,226.714
2021-06-10,00Z,SELECTED,0.0,27.4,80.7,-202.081,25.9,-0.191,41.2,188.799,36.507
2021-06-11,00Z,SELECTED,0.0,27.7,80.7,-190.875,32.4,-1.448,41.6,165.247,333.924
2021-06-12,00Z,SELECTED,0.4,26.4,84.6,0.0,29.9,-0.185,45.2,156.568,0.2
2021-06-13,00Z,SELECTED,2.6,27.2,82.4,-301.413,35.0,-1.532,46.7,195.255,113.098
2021-06-14,00Z,SELECTED,1.0,26.9,86.9,-179.519,32.9,-2.681,44.4,184.447,880.49
2021-06-15,00Z,SELECTED,3.0,27.0,81.9,-199.11,33.3,-1.719,44.6,187.304,212.345
2021-06-16,MISSING,NO_SOUNDING,8.7,26.5,84.3,,,,,,
2021-06-17,00Z,SELECTED,0.0,26.9,82.2,-284.033,28.3,-0.581,38.2,112.963,120.535
2021-06-18,00Z,SELECTED,0.0,27.7,78.4,-366.0,24.5,-0.694,37.2,75.984,58.777
2021-06-19,00Z,SELECTED,0.0,27.1,82.8,-437.819,30.9,-0.948,43.6,136.193,39.143
2021-06-20,00Z,SELECTED,0.0,26.8,78.1,0.0,26.5,2.015,39.0,132.104,0.0
2021-06-21,00Z,SELECTED,0.0,27.2,78.0,-148.298,35.5,-0.55,43.1,203.681,199.945
2021-06-22,00Z,SELECTED,40.6,25.2,88.9,-177.888,38.2,-0.305,45.7,221.505,20.796
2021-06-23,00Z,SELECTED,0.7,25.5,83.4,-307.959,33.9,0.487,42.8,207.587,21.704
2021-06-24,00Z,SELECTED,0.0,25.9,77.4,0.0,24.9,4.121,41.2,163.669,0.0
2021-06-25,00Z,SELECTED,0.0,27.7,80.5,-151.901,29.9,-2.907,46.8,208.709,530.242
2021-06-26,00Z,SELECTED,87.2,26.6,83.1,-149.772,35.8,-1.594,45.8,201.501,237.961
2021-06-27,00Z,SELECTED,14.0,26.8,83.8,-136.071,32.7,-1.138,43.1,201.266,96.773
2021-06-28,00Z,SELECTED,2.0,26.6,84.1,-156.989,32.5,-1.035,42.1,187.33,158.817
2021-06-29,00Z,SELECTED,2.4,26.4,80.3,-34.309,37.0,-1.953,44.6,220.499,333.101
2021-06-30,00Z,SELECTED,1.0,26.7,80.6,-354.295,32.3,-0.048,45.2,176.335,29.437
2021-07-01,00Z,SELECTED,0.0,27.2,81.8,-242.519,28.4,-0.848,43.3,176.511,308.445
2021-07-02,00Z,SELECTED,0.0,27.5,84.2,-317.271,29.3,-2.4,46.8,169.793,332.437
2021-07-03,00Z,SELECTED,0.0,27.6,85.8,-73.078,33.4,-4.375,46.1,195.846,1275.738
2021-07-04,00Z,SELECTED,13.0,26.5,86.6,-198.866,34.4,-1.122,44.5,191.173,189.167
2021-07-05,00Z,SELECTED,47.4,25.6,88.9,-0.599,34.7,0.063,39.2,222.181,324.964
2021-07-06,00Z,SELECTED,32.2,25.3,88.7,-81.893,34.5,-0.351,41.9,200.706,139.519
2021-07-07,00Z,SELECTED,0.0,26.2,80.3,0.0,26.7,1.244,43.2,194.047,0.0
2021-07-08,00Z,SELECTED,0.0,27.0,81.1,0.0,33.0,1.066,42.5,179.165,0.0
2021-07-09,00Z,SELECTED,0.2,27.5,83.0,-201.416,38.7,-2.762,46.8,214.981,131.336
2021-07-10,00Z,SELECTED,4.8,26.5,88.2,-60.568,36.7,-2.86,45.3,222.933,569.106
2021-07-11,00Z,SELECTED,0.0,27.0,86.0,-200.824,35.2,-0.631,43.4,233.583,130.437
2021-07-12,00Z,SELECTED,6.9,27.4,83.4,0.0,34.9,7.9,42.9,219.299,0.0
2021-07-13,00Z,SELECTED,34.4,25.9,81.5,-61.996,31.4,-0.066,37.4,201.776,152.717
2021-07-14,00Z,SELECTED,0.0,26.9,79.9,-365.72,22.5,0.366,43.6,199.415,47.225
2021-07-15,00Z,SELECTED,0.0,27.3,76.1,-471.314,24.4,1.024,42.3,202.103,3.814
2021-07-16,00Z,SELECTED,0.0,26.1,78.0,0.0,21.1,3.866,39.4,122.04,0.0
2021-07-17,MISSING,NO_SOUNDING,0.0,26.6,78.3,,,,,,
2021-07-18,00Z,SELECTED,0.0,27.2,81.6,-251.448,27.2,0.334,42.5,209.647,8.346
2021-07-19,00Z,SELECTED,30.4,27.3,83.4,-117.514,32.7,-1.816,42.8,198.84,369.488
2021-07-20,00Z,SELECTED,0.0,27.0,76.9,0.0,31.5,0.699,46.0,215.557,0.5
2021-07-21,00Z,SELECTED,0.0,27.2,79.3,-393.809,18.7,-1.131,46.4,202.533,33.219
2021-07-22,00Z,SELECTED,0.0,27.3,79.5,-382.759,25.1,-2.252,47.4,168.822,128.814
2021-07-23,00Z,SELECTED,0.0,27.7,78.2,-338.417,24.7,-1.334,45.2,187.617,42.955
2021-07-24,MISSING,NO_SOUNDING,0.0,27.8,77.6,,,,,,
2021-07-25,MISSING,NO_SOUNDING,0.0,27.6,80.0,,,,,,
2021-07-26,MISSING,NO_SOUNDING,0.0,28.0,81.9,,,,,,
2021-07-27,MISSING,NO_SOUNDING,0.0,28.1,82.5,,,,,,
2021-07-28,MISSING,NO_SOUNDING,3.3,27.8,82.7,,,,,,
2021-07-29,MISSING,NO_SOUNDING,10.0,25.8,88.3,,,,,,
2021-07-30,MISSING,NO_SOUNDING,1.0,26.0,81.0,,,,,,
2021-07-31,MISSING,NO_SOUNDING,0.0,26.8,84.3,,,,,,
2021-08-01,MISSING,NO_SOUNDING,52.0,26.3,83.0,,,,,,
2021-08-02,MISSING,NO_SOUNDING,3.1,27.3,82.9,,,,,,
2021-08-03,MISSING,NO_SOUNDING,0.0,27.7,82.5,,,,,,
2021-08-04,MISSING,NO_SOUNDING,4.0,27.0,85.0,,,,,,
2021-08-05,MISSING,NO_SOUNDING,0.2,27.2,79.3,,,,,,
2021-08-06,MISSING,NO_SOUNDING,0.0,27.7,78.6,,,,,,
2021-08-07,MISSING,NO_SOUNDING,3.0,27.5,84.4,,,,,,
2021-08-08,MISSING,NO_SOUNDING,0.2,27.3,86.2,,,,,,
2021-08-09,MISSING,NO_SOUNDING,111.5,27.6,85.7,,,,,,
2021-08-10,MISSING,NO_SOUNDING,28.8,25.6,89.2,,,,,,
2021-08-11,MISSING,NO_SOUNDING,62.0,25.5,89.6,,,,,,
2021-08-12,MISSING,NO_SOUNDING,13.0,26.2,90.5,,,,,,
2021-08-13,MISSING,NO_SOUNDING,17.0,26.8,87.4,,,,,,
2021-08-14,MISSING,NO_SOUNDING,22.2,26.1,90.8,,,,,,
2021-08-15,MISSING,NO_SOUNDING,9.5,25.6,88.7,,,,,,
2021-08-16,MISSING,NO_SOUNDING,7.0,26.0,90.5,,,,,,
2021-08-17,MISSING,NO_SOUNDING,32.7,25.5,93.2,,,,,,
2021-08-18,MISSING,NO_SOUNDING,15.7,25.2,90.0,,,,,,
2021-08-19,00Z,SELECTED,55.0,25.2,82.3,0.0,33.6,1.233,42.2,188.47,0.787
2021-08-20,00Z,SELECTED,0.0,26.6,82.6,-137.007,32.9,-0.697,43.1,195.965,58.5
2021-08-21,00Z,SELECTED,0.0,26.9,82.0,-235.26,33.2,-1.478,43.2,170.496,251.168
2021-08-22,00Z,SELECTED,0.3,26.8,86.4,-123.884,35.0,-3.419,46.7,185.798,1051.369
2021-08-23,00Z,SELECTED,27.0,26.0,87.0,-293.913,35.1,-0.449,45.2,203.445,52.361
2021-08-24,00Z,SELECTED,7.0,25.5,86.0,-245.048,31.1,0.73,42.6,196.507,48.678
2021-08-25,00Z,SELECTED,0.0,26.4,82.8,-313.231,26.9,0.366,41.0,170.504,59.446
2021-08-26,00Z,SELECTED,0.0,26.7,82.9,0.0,23.5,0.9,39.6,132.56,0.0
2021-08-27,00Z,SELECTED,0.0,27.3,84.6,-128.598,34.1,-1.927,44.0,201.914,427.349
2021-08-28,00Z,SELECTED,0.0,27.2,84.7,-156.801,35.1,-0.315,42.3,215.614,315.611
2021-08-29,00Z,SELECTED,0.0,27.5,82.4,-192.703,34.7,-1.238,45.0,188.934,154.556
2021-08-30,00Z,SELECTED,0.2,27.0,86.3,-178.982,37.3,-0.437,42.9,192.339,155.825
2021-08-31,00Z,SELECTED,7.7,26.4,86.5,-281.895,32.6,-0.931,43.9,194.589,12.972
2021-09-01,00Z,SELECTED,69.5,25.1,87.6,-74.639,33.6,0.605,40.0,203.751,23.455
2021-09-02,00Z,SELECTED,0.0,26.0,85.6,-231.96,29.3,-0.868,42.2,154.227,46.774
2021-09-03,00Z,SELECTED,12.0,26.8,83.4,-123.635,36.3,-1.909,45.9,184.624,259.663
2021-09-04,00Z,SELECTED,21.0,25.9,87.2,-27.391,36.1,-3.433,44.9,185.842,1034.313
2021-09-05,00Z,SELECTED,33.0,26.3,90.4,-50.325,37.0,-2.862,43.9,220.017,1107.254
2021-09-06,00Z,SELECTED,73.0,26.3,88.0,-160.646,33.4,-3.252,46.9,186.627,471.875
2021-09-07,00Z,SELECTED,10.0,25.8,83.7,-125.167,32.9,-0.494,42.2,186.593,207.431
2021-09-08,00Z,SELECTED,3.0,25.8,89.2,-67.312,27.9,-2.742,44.8,197.622,561.362
2021-09-09,00Z,SELECTED,0.0,26.2,83.6,-58.097,36.8,-2.168,45.2,209.622,348.871
2021-09-10,00Z,SELECTED,4.0,26.9,81.4,-114.791,31.4,-1.728,43.7,202.955,173.062
2021-09-11,00Z,SELECTED,0.0,27.2,82.4,-178.405,22.3,-0.957,44.0,198.339,83.058
2021-09-12,00Z,SELECTED,0.0,27.6,83.0,-222.699,17.7,-1.466,44.4,188.216,180.557
2021-09-13,00Z,SELECTED,5.0,27.0,81.6,-97.766,29.4,-3.403,46.3,208.668,713.533
2021-09-14,00Z,SELECTED,0.0,27.2,80.5,-96.419,33.9,-2.913,45.0,211.879,963.478
2021-09-15,00Z,SELECTED,0.0,27.0,79.2,0.0,25.5,2.471,41.6,181.337,0.0
2021-09-16,00Z,SELECTED,0.0,27.7,82.4,-151.055,31.6,-1.847,45.1,210.306,545.084
2021-09-17,00Z,SELECTED,41.0,27.8,83.8,-288.768,32.1,-1.203,44.6,195.535,203.024
2021-09-18,00Z,SELECTED,73.2,25.5,94.2,-39.604,39.0,-4.024,44.8,235.931,1393.71
2021-09-19,00Z,SELECTED,31.0,25.4,87.2,0.0,35.4,0.388,43.0,204.306,0.117
2021-09-20,00Z,SELECTED,0.0,27.2,82.8,-85.865,35.0,-1.614,41.1,177.222,503.412
2021-09-21,00Z,SELECTED,33.5,27.1,84.4,-88.508,35.1,-1.583,44.4,222.645,212.002
2021-09-22,00Z,SELECTED,0.0,27.5,82.5,-154.194,34.9,-2.506,45.6,179.536,427.439
2021-09-23,00Z,SELECTED,0.0,27.8,83.2,-181.35,34.3,-3.446,46.2,170.452,760.074
2021-09-24,00Z,SELECTED,10.8,27.1,87.4,-220.927,35.3,-1.238,44.8,207.476,285.559
2021-09-25,00Z,SELECTED,30.0,27.2,84.9,-179.8,33.5,-2.207,45.0,197.165,552.55
2021-09-26,00Z,SELECTED,36.6,27.3,86.9,-197.839,26.9,-1.84,43.8,204.155,357.068
2021-09-27,00Z,SELECTED,25.4,26.5,84.7,-14.435,36.9,-1.51,43.9,218.732,336.037
2021-09-28,00Z,SELECTED,87.0,27.3,88.9,-58.612,35.4,-3.961,45.1,213.019,1214.994
2021-09-29,00Z,SELECTED,164.0,25.3,93.0,-5.106,38.2,-1.88,42.9,217.311,565.554
2021-09-30,00Z,SELECTED,109.0,24.8,89.6,0.0,36.6,1.702,42.2,234.435,0.0
2021-10-01,00Z,SELECTED,1.4,26.1,84.7,0.0,28.5,0.623,39.2,169.755,0.0
2021-10-02,00Z,SELECTED,0.0,26.4,82.0,0.0,29.1,0.946,40.2,102.593,0.0
2021-10-03,00Z,SELECTED,0.0,27.2,83.0,-301.226,17.7,0.56,36.8,100.65,8.675
2021-10-04,00Z,SELECTED,0.0,27.3,81.9,-231.099,29.3,0.404,38.0,156.679,19.47
2021-10-05,00Z,SELECTED,0.0,27.0,81.8,-278.058,24.4,-0.359,44.5,203.36,12.363
2021-10-06,00Z,SELECTED,0.0,26.7,82.2,-167.431,31.0,-1.461,44.3,215.471,110.99
2021-10-07,00Z,SELECTED,1.0,27.6,81.4,-51.386,32.5,-2.502,43.0,214.87,571.614
2021-10-08,00Z,SELECTED,3.0,27.0,82.0,-248.095,30.9,-2.137,45.2,200.53,281.047
2021-10-09,00Z,SELECTED,0.0,27.8,81.3,-153.901,33.5,-3.014,46.4,201.906,755.626
2021-10-10,00Z,SELECTED,67.0,25.5,92.8,-52.04,35.3,-1.029,40.6,242.921,218.388
2021-10-11,00Z,SELECTED,12.0,26.1,81.5,-2.586,33.4,-2.325,40.9,199.897,623.054
2021-10-12,00Z,SELECTED,0.0,27.1,81.1,0.0,23.9,1.72,39.2,185.868,0.0
2021-10-13,00Z,SELECTED,0.0,27.2,82.0,-238.88,32.3,-0.446,41.1,198.358,56.668
2021-10-14,00Z,SELECTED,7.9,27.0,85.6,-69.617,35.8,-1.677,42.1,214.245,496.239
2021-10-15,00Z,SELECTED,0.0,27.2,78.6,0.0,33.3,0.995,41.4,211.355,0.0
2021-10-16,00Z,SELECTED,0.0,27.7,81.1,-180.53,34.5,-1.37,43.0,203.386,188.165
2021-10-17,00Z,SELECTED,0.0,27.8,85.5,-53.514,35.7,-4.009,43.1,195.188,1798.575
2021-10-18,00Z,SELECTED,13.5,25.9,90.8,-183.082,34.0,-0.696,42.2,215.961,229.123
2021-10-19,00Z,SELECTED,21.1,26.3,82.4,-154.505,35.1,-1.212,43.2,183.73,173.45
2021-10-20,00Z,SELECTED,0.0,26.3,85.1,-217.378,32.5,0.6,40.8,205.389,20.436
2021-10-21,00Z,SELECTED,0.6,26.3,85.9,-84.664,35.5,-1.692,43.9,218.784,316.023
2021-10-22,00Z,SELECTED,8.0,26.7,84.8,-169.732,36.3,0.304,41.1,205.819,160.861
2021-10-23,00Z,SELECTED,2.0,26.4,84.7,-86.222,28.7,-0.973,43.4,202.227,88.163
2021-10-24,00Z,SELECTED,29.3,26.3,89.9,-32.037,34.1,-2.891,44.1,200.706,930.044
2021-10-25,00Z,SELECTED,5.8,25.8,90.2,-5.553,37.8,-3.713,44.2,206.25,1307.77
2021-10-26,00Z,SELECTED,2.0,26.5,85.3,-110.453,32.6,-1.27,41.5,201.222,286.084
2021-10-27,00Z,SELECTED,16.0,26.5,84.1,-34.676,32.7,-2.144,41.6,190.735,448.283
2021-10-28,00Z,SELECTED,0.0,27.2,78.9,-276.452,31.9,-0.528,42.8,188.073,48.08
2021-10-29,00Z,SELECTED,2.3,27.3,82.6,-211.7,30.1,-2.489,42.4,146.96,533.268
2021-10-30,00Z,SELECTED,12.0,26.1,87.3,-128.81,34.6,-0.871,43.0,223.415,155.429
2021-10-31,00Z,SELECTED,3.4,25.8,88.6,-41.572,36.1,-1.82,42.3,209.251,667.001
2021-11-01,00Z,SELECTED,10.5,26.1,86.2,-127.853,34.0,-2.409,44.6,186.796,394.282
2021-11-02,00Z,SELECTED,0.4,26.7,85.7,-4.691,34.9,-3.243,43.5,218.732,1272.154
2021-11-03,00Z,SELECTED,30.0,25.3,91.7,-53.329,33.8,-2.292,43.8,194.309,571.872
2021-11-04,00Z,SELECTED,1.3,26.4,85.2,-112.153,31.9,-1.744,43.2,213.307,268.887
2021-11-05,00Z,SELECTED,79.5,26.0,87.9,0.0,36.4,-2.198,40.9,237.063,1022.889
2021-11-06,00Z,SELECTED,11.0,26.5,85.7,-1.673,34.1,-2.306,42.4,236.581,604.894
2021-11-07,00Z,SELECTED,50.2,25.0,91.3,-23.842,37.9,-1.439,43.1,241.729,196.315
2021-11-08,MISSING,NO_SOUNDING,2.2,25.1,90.4,,,,,,
2021-11-09,00Z,SELECTED,1.0,27.2,79.2,-155.084,31.5,0.504,40.6,245.119,46.914
2021-11-10,00Z,SELECTED,9.5,26.4,87.5,-18.572,37.3,-2.894,42.9,251.313,897.399
2021-11-11,00Z,SELECTED,7.0,26.0,83.4,0.0,27.4,0.676,37.2,134.563,0.0
2021-11-12,00Z,SELECTED,0.0,27.5,79.9,-91.802,32.2,-2.371,41.5,204.899,639.756
2021-11-13,00Z,SELECTED,0.0,27.0,85.1,-56.717,28.9,-3.01,38.4,170.675,1151.691
2021-11-14,00Z,SELECTED,0.7,27.3,79.5,-161.739,20.7,-1.348,38.4,134.047,217.326
2021-11-15,00Z,SELECTED,0.0,27.0,80.5,0.0,26.3,0.944,33.6,92.014,0.0
2021-11-16,00Z,SELECTED,0.0,26.3,79.6,0.0,15.9,1.304,40.8,157.27,0.0
2021-11-17,00Z,SELECTED,0.0,27.0,80.8,-179.11,37.2,-0.903,44.6,200.739,36.906
2021-11-18,00Z,SELECTED,25.0,27.1,82.1,-39.448,33.2,-3.306,43.4,198.13,837.815
2021-11-19,00Z,SELECTED,0.9,27.0,85.1,-46.211,33.1,-3.515,43.2,206.563,1163.073
2021-11-20,00Z,SELECTED,0.0,27.1,81.3,-76.839,25.3,-3.202,41.6,168.933,648.717
2021-11-21,00Z,SELECTED,20.0,26.1,87.2,-38.418,33.5,-3.696,44.2,226.787,1148.056
2021-11-22,00Z,SELECTED,0.0,26.9,80.6,-128.667,28.5,-1.386,39.8,182.353,202.669
2021-11-23,00Z,SELECTED,0.0,26.7,84.7,-63.451,33.3,-1.793,41.7,229.153,490.051
2021-11-24,00Z,SELECTED,0.0,27.3,78.9,-197.467,31.2,-1.68,42.9,195.307,239.463
2021-11-25,00Z,SELECTED,0.5,27.8,79.8,-98.773,28.3,-2.197,41.6,188.851,537.486
2021-11-26,00Z,SELECTED,0.0,27.8,79.0,-74.308,26.1,-3.095,40.4,194.675,1155.566
2021-11-27,00Z,SELECTED,27.0,26.5,84.8,-98.971,32.0,-2.193,43.0,213.553,357.317
2021-11-28,00Z,SELECTED,7.0,27.1,84.5,-22.69,24.1,-4.777,42.2,182.301,1786.762
2021-11-29,00Z,SELECTED,0.0,27.2,81.2,-25.189,16.3,-5.087,40.8,169.703,1883.567
2021-11-30,00Z,SELECTED,19.0,25.5,89.3,-8.995,29.1,-3.941,40.2,210.749,1767.261
2021-12-01,12Z,SELECTED,1.5,26.4,84.2,0.0,33.4,-6.05,43.1,221.393,3367.373
2021-12-02,12Z,SELECTED,3.0,27.5,83.7,-0.101,33.6,-8.226,44.3,176.25,3498.086
2021-12-03,12Z,SELECTED,0.0,27.5,78.7,-0.207,30.9,-6.516,42.2,168.619,3371.018
2021-12-04,12Z,SELECTED,0.4,28.1,82.7,0.0,44.1,-9.335,50.3,288.051,5181.143
2021-12-05,12Z,SELECTED,40.0,25.9,91.8,-14.092,30.5,-2.456,40.8,204.072,625.641
2021-12-06,12Z,SELECTED,1.0,26.4,82.9,-16.646,29.3,-6.592,43.0,192.671,3093.942
2021-12-07,12Z,SELECTED,0.0,27.5,81.9,0.0,37.4,-8.19,44.8,194.96,3748.941
2021-12-08,12Z,SELECTED,0.0,28.0,83.8,0.0,38.3,-7.081,45.4,231.424,3998.472
2021-12-09,12Z,SELECTED,67.0,27.2,88.9,-74.611,38.9,-4.134,46.1,207.398,999.461
2021-12-10,12Z,SELECTED,118.6,26.3,88.3,-10.938,35.5,-5.588,43.8,192.246,2791.726
2021-12-11,12Z,SELECTED,58.4,27.6,87.0,-37.15,39.2,-1.891,43.6,219.162,826.676
2021-12-12,12Z,SELECTED,14.0,26.1,88.7,-6.345,36.5,-5.647,44.8,215.798,2815.462
2021-12-13,12Z,SELECTED,0.0,27.2,87.8,-22.395,35.4,-4.257,44.6,214.37,2004.56
2021-12-14,12Z,SELECTED,3.0,26.8,88.5,0.0,33.9,-5.516,42.0,218.047,2957.438
2021-12-15,12Z,SELECTED,11.7,26.5,89.5,-2.021,39.8,-6.494,45.5,238.963,3129.287
2021-12-16,12Z,SELECTED,29.0,26.6,89.6,-5.749,35.9,-2.625,41.1,232.989,1006.42
2021-12-17,12Z,SELECTED,130.0,24.5,97.0,-6.472,38.0,-0.988,42.1,270.057,144.881
2021-12-18,12Z,SELECTED,95.0,23.9,96.5,-44.505,35.9,-0.375,41.6,254.98,119.258
2021-12-19,12Z,SELECTED,4.5,25.9,87.6,-16.444,30.0,-4.154,40.9,233.303,2460.882
2021-12-20,12Z,SELECTED,19.0,25.9,86.7,-45.606,33.9,-3.66,43.8,240.409,1494.619
2021-12-21,12Z,SELECTED,0.0,27.0,82.7,-35.787,31.9,-3.659,38.0,165.958,2287.179
2021-12-22,12Z,SELECTED,0.8,27.1,85.9,-12.031,36.8,-4.892,43.8,231.012,2464.052
2021-12-23,12Z,SELECTED,48.0,26.4,85.4,-33.26,33.5,-3.083,41.5,225.527,1505.276
2021-12-24,12Z,SELECTED,0.0,27.2,83.6,-15.252,29.1,-4.404,39.6,193.591,2550.418
2021-12-25,12Z,SELECTED,2.0,27.4,84.1,-34.241,36.3,-4.855,45.8,221.427,1721.463
2021-12-26,12Z,SELECTED,0.0,27.6,82.8,-6.372,37.5,-5.457,45.1,227.629,2684.794
2021-12-27,12Z,SELECTED,38.3,27.3,84.9,-18.2,35.8,-6.051,47.5,213.88,2653.655
2021-12-28,12Z,SELECTED,0.0,27.5,84.2,-13.208,32.3,-3.866,41.0,217.083,3083.56
2021-12-29,12Z,SELECTED,0.0,28.1,83.7,-9.296,32.4,-6.124,43.5,229.161,3906.154
2021-12-30,12Z,SELECTED,0.0,27.9,84.2,-99.421,39.4,-3.854,46.9,223.076,1232.778
2021-12-31,12Z,SELECTED,20.9,26.4,89.3,-6.125,34.8,-5.622,44.0,220.396,3049.6
2022-01-01,12Z,SELECTED,22.9,26.8,87.2,-1.154,36.1,-4.831,41.9,218.081,2781.852
2022-01-02,12Z,SELECTED,29.7,26.0,88.8,-20.982,28.7,-5.785,43.8,184.507,2496.394
2022-01-03,12Z,SELECTED,0.0,27.0,83.5,-6.199,31.5,-5.047,40.1,204.249,3128.441
2022-01-04,12Z,SELECTED,0.0,27.4,83.5,0.0,19.3,15.96,42.0,184.455,0.0
2022-01-05,12Z,SELECTED,0.0,27.5,80.2,-16.786,27.5,-5.759,44.8,204.171,2359.103
2022-01-06,12Z,SELECTED,0.0,27.6,81.7,0.0,33.1,-5.954,47.0,223.962,2170.998
2022-01-07,12Z,SELECTED,6.6,27.6,81.6,-16.173,35.8,-7.353,49.3,239.072,3039.063
2022-01-08,12Z,SELECTED,3.0,27.1,86.0,-32.54,38.7,-5.554,47.4,216.314,2292.538
2022-01-09,12Z,SELECTED,0.0,26.9,87.6,0.0,42.3,4.565,49.3,230.452,0.0
2022-01-10,12Z,SELECTED,1.8,26.5,85.7,0.0,37.8,-3.149,41.7,225.737,2454.986
2022-01-11,12Z,SELECTED,1.0,27.0,83.6,-4.967,34.6,-6.448,45.3,230.589,3637.0
2022-01-12,12Z,SELECTED,0.0,27.8,84.3,-11.058,34.1,-8.335,49.4,221.704,3260.846
2022-01-13,12Z,SELECTED,0.0,27.8,81.8,-4.549,31.9,-6.052,44.8,223.101,3261.731
2022-01-14,12Z,SELECTED,1.4,28.1,83.2,-13.426,32.8,-5.659,43.1,200.496,2806.383
2022-01-15,12Z,SELECTED,0.0,27.6,80.6,-23.466,31.6,-5.203,44.3,211.016,2876.45
2022-01-16,12Z,SELECTED,0.0,27.8,81.7,-4.119,40.1,-8.373,49.2,245.337,3797.473
2022-01-17,12Z,SELECTED,30.0,26.6,88.6,-73.528,38.1,-3.893,46.1,201.17,1264.938
2022-01-18,12Z,SELECTED,0.0,26.4,85.8,-29.154,34.4,-4.858,44.2,196.904,1982.913
2022-01-19,12Z,SELECTED,14.9,25.9,90.5,-3.054,34.0,-2.855,42.1,216.13,1166.513
2022-01-20,12Z,SELECTED,1.0,26.3,81.6,-19.904,33.0,-4.645,42.0,199.931,2247.502
2022-01-21,12Z,SELECTED,12.0,27.1,81.5,-5.832,33.8,-4.309,41.7,210.612,2413.234
2022-01-22,12Z,SELECTED,9.0,27.1,83.7,-8.764,36.8,-4.745,45.1,225.162,2384.976
2022-01-23,12Z,SELECTED,8.9,27.2,86.3,0.0,36.5,-5.689,44.3,200.968,2807.358
2022-01-24,12Z,SELECTED,11.2,26.5,88.2,-2.837,32.7,-5.022,42.7,181.962,2342.72
2022-01-25,12Z,SELECTED,0.0,27.3,82.7,-38.129,33.3,-5.49,44.8,155.603,1723.919
2022-01-26,12Z,SELECTED,0.0,27.9,79.8,-32.006,21.2,-6.781,49.1,226.257,3157.417
2022-01-27,12Z,SELECTED,0.0,28.3,81.9,-6.004,20.6,-6.975,44.9,190.657,3640.08
2022-01-28,12Z,SELECTED,0.0,28.4,80.9,-10.106,37.6,-4.63,43.8,215.401,3011.879
2022-01-29,12Z,SELECTED,0.0,28.0,84.7,-1.891,33.6,-6.946,44.3,210.314,4164.606
2022-01-30,12Z,SELECTED,10.0,27.7,83.5,-12.526,37.1,-7.162,45.5,211.33,3211.084
2022-01-31,12Z,SELECTED,17.0,26.9,83.4,-1.2,37.4,-6.269,45.8,229.734,3643.413
2022-02-01,12Z,SELECTED,38.8,27.3,87.8,-43.543,38.0,-4.059,44.3,210.619,1304.045
2022-02-02,12Z,SELECTED,8.0,26.9,79.5,-42.531,33.3,-4.852,44.4,198.078,2347.606
2022-02-03,12Z,SELECTED,34.5,26.8,85.0,-17.339,36.9,-4.737,45.6,227.08,2684.275
2022-02-04,12Z,SELECTED,132.5,25.6,92.4,-67.283,39.2,-1.561,45.3,228.847,318.455
2022-02-05,12Z,SELECTED,159.2,25.2,91.2,-64.061,39.4,-0.709,44.1,224.511,147.966
2022-02-06,12Z,SELECTED,26.5,26.0,79.9,-24.816,34.9,-4.013,41.6,178.414,1519.744
2022-02-07,12Z,SELECTED,0.0,26.8,75.0,-27.228,,,,,264.846
2022-02-08,12Z,SELECTED,0.6,27.6,78.4,-50.544,28.9,-4.935,35.6,117.553,2887.983
2022-02-09,12Z,SELECTED,0.3,27.5,75.0,-36.501,31.9,-3.801,37.4,152.327,1832.978
2022-02-10,12Z,SELECTED,0.0,27.2,80.0,-18.219,33.3,-4.668,40.4,172.65,2628.475
2022-02-11,12Z,SELECTED,0.0,27.4,81.4,-28.356,37.4,-4.617,42.9,192.534,2161.998
2022-02-12,12Z,SELECTED,0.5,27.6,80.2,-4.276,30.2,-5.729,46.1,217.057,2991.509
2022-02-13,12Z,SELECTED,0.0,27.7,81.4,-4.679,18.9,-4.861,37.6,172.44,3093.18
2022-02-14,12Z,SELECTED,0.0,27.4,77.6,-72.594,26.9,-4.079,40.2,142.676,1473.266
2022-02-15,12Z,SELECTED,0.0,27.3,78.0,-3.905,38.3,-8.326,46.7,220.212,4162.252
2022-02-16,12Z,SELECTED,4.0,26.8,85.9,-12.596,33.2,-4.05,41.5,218.439,1888.698
2022-02-17,12Z,SELECTED,0.0,27.3,72.2,-176.7,31.9,-0.377,43.8,208.186,107.131
2022-02-18,12Z,SELECTED,0.0,27.6,76.6,-9.279,35.0,-6.143,44.4,215.707,2864.86
2022-02-19,12Z,SELECTED,0.0,28.0,74.0,-77.868,13.5,-3.982,37.2,97.651,1409.277
2022-02-20,12Z,SELECTED,0.0,27.0,76.7,-104.044,14.1,-3.376,37.6,125.673,1685.579
2022-02-21,12Z,SELECTED,0.0,27.8,79.3,-11.19,30.3,-7.343,40.4,122.361,3394.527
2022-02-22,12Z,SELECTED,0.0,28.0,82.0,-18.064,36.5,-4.59,44.1,200.706,2408.424
2022-02-23,12Z,SELECTED,9.0,27.6,83.3,-12.839,26.1,-5.818,41.4,170.765,3053.712
2022-02-24,12Z,SELECTED,0.0,28.1,76.5,-23.953,20.9,-5.466,41.0,155.85,2995.131
2022-02-25,12Z,SELECTED,0.0,27.4,80.8,-2.302,,,,,163.966
2022-02-26,12Z,SELECTED,3.0,27.6,80.0,-21.772,,,,,197.436
2022-02-27,12Z,SELECTED,0.0,28.0,80.0,0.0,37.1,-8.741,47.5,228.399,4485.186
2022-02-28,12Z,SELECTED,2.0,28.3,78.5,0.0,36.0,-5.515,40.2,219.73,4275.925
2022-03-01,12Z,SELECTED,37.7,26.8,83.7,-35.23,32.8,-3.835,42.6,201.763,1471.921
2022-03-02,12Z,SELECTED,31.5,27.1,83.8,-8.109,36.1,-3.966,42.5,213.027,2032.464
2022-03-03,12Z,SELECTED,17.8,26.2,87.6,-78.58,33.1,-1.57,41.1,205.812,550.634
2022-03-04,12Z,SELECTED,1.0,27.1,78.0,-146.62,23.7,-2.223,38.8,147.73,582.79
2022-03-05,12Z,SELECTED,0.0,27.9,78.2,-5.924,36.3,-5.781,42.8,222.907,3254.652
2022-03-06,12Z,SELECTED,30.0,26.8,84.9,-3.478,31.6,-4.847,42.5,209.909,2544.123
2022-03-07,12Z,SELECTED,0.0,27.4,81.5,-16.796,32.5,-4.678,41.5,194.53,1577.683
2022-03-08,12Z,SELECTED,1.2,27.8,82.1,0.0,33.5,-6.596,42.9,205.109,3600.084
2022-03-09,12Z,SELECTED,25.3,27.7,82.5,0.0,33.8,-6.177,43.1,239.666,3489.155
2022-03-10,12Z,SELECTED,4.0,28.0,81.3,-4.032,33.4,-5.601,43.5,208.16,2423.673
2022-03-11,12Z,SELECTED,24.0,26.9,84.1,-5.777,32.8,-3.649,39.9,207.755,1853.563
2022-03-12,12Z,SELECTED,9.0,27.5,83.5,-22.131,33.9,-5.551,42.8,182.452,2506.378
2022-03-13,12Z,SELECTED,6.0,27.9,83.9,-0.507,35.5,-4.914,42.2,223.558,2477.663
2022-03-14,12Z,SELECTED,33.0,27.0,90.1,0.0,38.2,-4.874,43.7,233.505,1700.408
2022-03-15,12Z,SELECTED,26.0,27.0,84.7,-14.272,31.8,-7.3,40.2,146.242,3351.678
2022-03-16,12Z,SELECTED,0.4,27.9,82.1,-2.503,34.4,-5.483,39.5,200.825,3344.532
2022-03-17,12Z,SELECTED,131.4,26.6,86.2,-2.877,32.3,-2.5,39.8,247.983,1272.082
2022-03-18,12Z,SELECTED,30.0,25.5,87.4,-73.934,36.0,-1.741,42.7,231.522,253.426
2022-03-19,12Z,SELECTED,1.0,26.3,82.4,-42.783,28.3,-4.835,43.2,221.531,2078.174
2022-03-20,12Z,SELECTED,6.0,26.2,82.6,-81.887,36.7,-3.373,46.1,249.183,532.941
2022-03-21,12Z,SELECTED,0.0,27.4,81.0,-46.4,27.6,-5.338,42.5,192.137,2627.64
2022-03-22,12Z,SELECTED,0.0,28.1,77.3,-27.126,33.3,-3.678,41.0,203.707,1842.013
2022-03-23,12Z,SELECTED,0.0,28.2,78.5,-31.736,23.7,-4.375,40.4,183.071,1938.494
2022-03-24,12Z,SELECTED,0.0,26.9,78.1,-21.238,11.7,-5.352,34.6,113.876,3345.886
2022-03-25,12Z,SELECTED,0.0,26.7,77.2,-39.294,6.3,-4.918,31.2,40.59,2920.227
2022-03-26,12Z,SELECTED,0.0,27.2,77.9,-63.691,7.3,-4.838,36.2,84.365,1714.697
2022-03-27,12Z,SELECTED,0.0,27.1,78.0,-52.403,-2.7,-3.928,24.0,27.214,1840.83
2022-03-28,12Z,SELECTED,0.0,26.4,78.6,-36.006,3.3,-3.903,28.6,35.961,1507.201
2022-03-29,12Z,SELECTED,0.0,26.4,76.7,-110.487,11.1,-2.467,35.0,91.161,811.503
2022-03-30,12Z,SELECTED,0.0,26.7,77.4,-12.799,14.3,-5.116,38.2,149.614,2519.779
2022-03-31,12Z,SELECTED,0.0,27.5,78.9,-47.431,10.3,-2.94,34.2,88.253,1009.432
2022-04-01,00Z,SELECTED,0.0,26.6,76.8,0.0,6.3,3.621,32.2,29.158,0.0
2022-04-02,12Z,SELECTED,0.0,27.1,77.8,-8.696,17.5,-4.017,39.8,177.053,1894.928
2022-04-03,12Z,SELECTED,0.0,27.1,81.8,0.0,25.9,-5.456,37.8,146.242,2512.979
2022-04-04,12Z,SELECTED,0.0,26.6,75.6,-4.908,13.9,-4.343,31.8,81.965,2360.937
2022-04-05,12Z,SELECTED,0.0,27.3,77.5,-6.899,38.8,-6.338,45.9,206.224,2491.733
2022-04-06,12Z,SELECTED,1.3,28.4,77.9,-3.423,30.7,-5.562,43.2,194.968,2422.599
2022-04-07,12Z,SELECTED,6.6,26.4,84.1,0.0,30.5,-10.008,41.0,175.101,6154.736
2022-04-08,12Z,SELECTED,4.0,26.2,83.0,-78.871,31.7,-2.503,43.6,171.686,493.16
2022-04-09,12Z,SELECTED,0.0,27.2,79.7,-65.307,26.5,-3.696,40.6,154.616,1446.798
2022-04-10,12Z,SELECTED,0.0,27.2,80.6,-4.928,33.1,-5.328,42.8,195.932,2358.468
2022-04-11,12Z,SELECTED,0.0,27.7,81.1,-14.634,35.6,-5.702,45.3,213.991,1869.359
2022-04-12,12Z,SELECTED,24.0,27.4,83.9,-14.639,32.4,-5.128,41.9,189.999,2275.299
2022-04-13,12Z,SELECTED,15.1,27.8,84.2,-23.358,26.8,-3.533,42.5,193.708,1352.914
2022-04-14,12Z,SELECTED,0.0,28.1,80.4,-18.244,29.9,-3.478,42.0,197.368,1481.027
2022-04-15,12Z,SELECTED,30.0,27.4,85.9,-17.5,34.9,-5.514,45.1,199.734,1807.858
2022-04-16,12Z,SELECTED,0.1,28.6,80.7,-21.159,34.1,-4.379,42.2,180.762,1976.623
2022-04-17,00Z,SELECTED,0.0,28.6,82.4,-239.038,34.9,-1.091,43.4,193.539,202.074
2022-04-18,12Z,SELECTED,104.0,26.8,88.6,-51.596,37.5,-3.811,44.0,218.758,1188.847
2022-04-19,12Z,SELECTED,0.0,27.2,84.7,-18.756,34.5,-4.489,44.2,219.999,1866.999
2022-04-20,12Z,SELECTED,34.0,26.6,84.0,-15.37,35.7,-3.254,41.2,221.622,1802.506
2022-04-21,12Z,SELECTED,7.0,27.4,83.5,-71.228,33.2,-2.481,40.2,166.937,1110.997
2022-04-22,12Z,SELECTED,0.0,27.9,80.7,-23.424,35.8,-4.744,44.9,235.793,2287.869
2022-04-23,12Z,SELECTED,5.3,27.4,83.7,-2.179,36.1,-5.609,45.2,246.451,2812.942
2022-04-24,12Z,SELECTED,13.2,27.2,84.4,-32.211,37.8,-4.764,45.6,237.255,2061.505
2022-04-25,12Z,SELECTED,87.1,26.2,86.7,-51.869,34.7,-4.18,44.5,205.05,1623.288
2022-04-26,12Z,SELECTED,0.5,27.4,81.8,-49.892,31.1,-4.043,41.4,172.852,1996.906
2022-04-27,12Z,SELECTED,0.4,28.6,80.4,-49.039,36.0,-5.295,48.1,237.229,2229.06
2022-04-28,12Z,SELECTED,9.8,27.9,84.3,-37.632,33.4,-3.697,42.3,235.127,1816.301
2022-04-29,12Z,SELECTED,0.0,28.4,80.9,-48.013,32.8,-4.923,42.5,196.481,2049.196
2022-04-30,12Z,SELECTED,0.0,28.3,79.8,-12.442,38.4,-5.709,43.8,210.339,2603.753
2022-05-01,12Z,SELECTED,10.9,27.9,84.1,-20.637,35.5,-4.41,43.0,237.561,1886.908
2022-05-02,00Z,SELECTED,14.0,26.5,85.7,-85.376,40.2,-2.207,45.7,231.965,406.182
2022-05-03,12Z,SELECTED,3.5,27.2,82.1,-27.818,34.3,-2.471,40.6,210.645,867.911
2022-05-04,12Z,SELECTED,1.0,27.5,82.5,-101.784,33.8,-2.097,39.4,185.614,703.604
2022-05-05,12Z,SELECTED,0.0,27.6,78.7,-38.904,36.2,-2.601,41.0,222.586,828.883
2022-05-06,12Z,SELECTED,6.4,27.0,86.3,-54.377,37.5,-2.265,41.9,227.666,610.071
2022-05-07,12Z,SELECTED,24.0,26.2,87.5,-38.576,36.6,-0.363,41.2,248.296,73.181
2022-05-08,12Z,SELECTED,1.1,27.0,81.9,0.0,33.4,4.777,43.5,237.266,0.0
2022-05-09,12Z,SELECTED,0.0,28.6,79.1,-108.317,38.0,-4.182,46.1,247.337,1620.507
2022-05-10,12Z,SELECTED,0.0,28.7,83.2,-18.805,38.8,-7.426,48.4,242.96,2829.396
2022-05-11,12Z,SELECTED,8.0,27.1,87.7,-198.209,34.1,-1.139,42.6,255.488,104.827
2022-05-12,12Z,SELECTED,16.3,26.9,82.5,-32.975,30.7,-4.515,42.6,200.986,1524.926
2022-05-13,12Z,SELECTED,0.0,28.2,76.9,-176.508,28.9,-1.973,40.8,172.186,563.698
2022-05-14,12Z,SELECTED,0.0,27.5,82.9,-11.756,27.7,-5.888,47.2,248.993,2386.705
2022-05-15,12Z,SELECTED,0.0,28.7,82.0,-22.83,37.9,-4.511,44.6,217.547,2176.9
2022-05-16,12Z,SELECTED,119.7,26.5,85.6,-111.159,24.1,-3.299,41.0,172.245,971.893
2022-05-17,12Z,SELECTED,0.0,27.4,80.9,-58.115,20.1,-3.419,34.6,125.479,1753.654
2022-05-18,12Z,SELECTED,0.0,26.8,79.7,-166.698,25.1,-1.689,36.6,123.73,211.788
2022-05-19,12Z,SELECTED,0.0,26.6,77.5,-43.009,32.5,-4.259,41.2,163.565,1054.522
2022-05-20,12Z,SELECTED,0.0,27.5,80.2,-45.427,39.4,-3.455,46.1,210.516,605.24
2022-05-21,12Z,SELECTED,0.0,28.0,79.1,-32.664,36.5,-4.234,42.2,185.165,1701.81
2022-05-22,12Z,SELECTED,9.0,28.1,80.5,0.0,28.3,3.975,42.0,171.678,0.0
2022-05-23,12Z,SELECTED,0.0,27.1,80.9,-36.141,26.9,-3.913,40.6,171.17,1917.226
2022-05-24,12Z,SELECTED,5.0,27.2,85.9,-67.767,39.3,-3.321,46.6,230.511,822.237
2022-05-25,12Z,SELECTED,0.3,26.2,84.2,-9.352,32.4,-6.704,42.2,197.463,3473.705
2022-05-26,12Z,SELECTED,0.2,26.9,79.3,-18.993,29.3,-6.074,41.2,201.411,3271.853
2022-05-27,12Z,SELECTED,1.0,28.1,80.4,0.0,39.5,1.799,45.1,244.585,0.0
2022-05-28,12Z,SELECTED,11.2,26.3,83.0,-227.82,31.7,1.481,42.4,230.353,18.708
2022-05-29,12Z,SELECTED,0.0,26.9,79.7,-24.013,36.0,-5.312,43.7,212.555,2306.261
2022-05-30,00Z,SELECTED,,,87.1,-162.471,27.2,-2.576,45.7,223.381,339.452
2022-05-31,12Z,SELECTED,0.0,30.7,68.9,-22.943,31.1,-4.461,41.4,217.389,2331.822
2022-06-01,12Z,SELECTED,6.0,27.4,79.9,-46.767,34.0,-4.307,41.6,208.043,1713.514
2022-06-02,12Z,SELECTED,0.0,26.9,79.6,0.0,36.1,4.828,41.6,204.477,0.0
2022-06-03,12Z,SELECTED,14.0,26.3,81.4,-16.223,36.2,-3.033,42.6,209.622,1091.715
2022-06-04,12Z,SELECTED,0.0,27.1,79.3,-127.441,33.0,-3.352,42.6,160.65,1063.153
2022-06-05,12Z,SELECTED,0.0,27.4,79.3,-119.348,32.8,-3.86,41.2,129.973,1391.543
2022-06-06,12Z,SELECTED,2.9,27.1,83.0,-9.891,36.0,-3.637,41.5,200.511,1823.519
2022-06-07,12Z,SELECTED,7.1,26.6,82.6,0.0,38.2,-4.499,45.1,223.801,2379.804
2022-06-08,12Z,SELECTED,11.9,26.1,86.7,-41.187,35.8,-6.203,46.1,198.306,2448.646
2022-06-09,12Z,SELECTED,1.2,26.3,85.6,-22.678,39.5,-3.851,46.5,224.773,1378.746
2022-06-10,00Z,SELECTED,4.0,25.9,86.5,0.0,32.1,0.924,42.0,163.304,0.0
2022-06-11,00Z,SELECTED,90.0,25.6,89.4,-67.684,34.4,-2.281,45.1,209.79,351.256
2022-06-12,00Z,SELECTED,25.0,24.8,86.1,0.0,32.5,2.526,41.6,192.671,0.0
2022-06-13,00Z,SELECTED,0.3,26.9,83.5,-306.97,35.5,0.133,42.4,199.355,50.222
2022-06-14,12Z,SELECTED,18.9,26.4,85.1,-4.4,33.8,-4.264,41.3,220.989,2123.684
2022-06-15,12Z,SELECTED,17.0,25.3,89.0,-92.911,36.8,-2.706,44.1,208.212,628.085
2022-06-16,12Z,SELECTED,1.0,25.8,84.4,-60.651,44.1,-6.364,52.3,322.16,2553.951
2022-06-17,12Z,SELECTED,38.0,26.3,87.5,-113.972,37.7,-0.225,43.5,200.511,62.425
2022-06-18,12Z,SELECTED,4.8,25.9,84.1,-23.709,36.3,-4.831,43.6,182.19,1148.324
2022-06-19,12Z,SELECTED,51.0,27.1,85.8,-92.493,36.7,-1.199,42.7,197.072,157.25
2022-06-20,12Z,SELECTED,1.4,25.9,84.2,-45.699,37.2,-3.799,45.4,210.28,1592.713
2022-06-21,12Z,SELECTED,0.8,27.6,82.0,-11.194,36.5,-5.765,44.1,212.107,2670.55
2022-06-22,12Z,SELECTED,12.5,26.2,85.9,-21.852,36.3,-2.493,41.6,214.878,1156.152
2022-06-23,12Z,SELECTED,17.0,25.6,91.1,-71.116,38.3,-2.382,44.2,194.198,609.001
2022-06-24,12Z,SELECTED,64.0,25.0,92.6,-71.535,38.3,-2.341,44.5,218.784,232.75
2022-06-25,12Z,SELECTED,48.0,25.4,89.1,-66.417,25.9,-2.68,40.8,167.132,841.504
2022-06-26,12Z,SELECTED,1.0,27.1,86.9,-45.543,30.9,-2.769,39.2,171.535,1104.735
2022-06-27,12Z,SELECTED,0.8,27.7,80.1,-28.676,33.1,-4.066,41.6,203.191,1699.112
2022-06-28,12Z,SELECTED,26.0,26.0,87.0,-130.91,33.3,-0.525,41.2,202.93,86.953
2022-06-29,12Z,SELECTED,22.5,24.8,87.3,-2.678,36.6,-0.517,42.3,214.963,123.549
2022-06-30,12Z,SELECTED,11.2,24.2,85.3,-59.92,27.1,-1.58,39.0,209.38,481.77
2022-07-01,12Z,SELECTED,0.0,25.7,83.3,-20.918,31.1,-2.591,38.8,205.12,1345.965
2022-07-02,12Z,SELECTED,0.0,26.5,82.6,-25.261,22.3,-2.998,34.8,115.768,1290.193
2022-07-03,12Z,SELECTED,0.0,26.5,80.8,-49.194,18.9,-2.342,35.4,125.562,979.719
2022-07-04,12Z,SELECTED,0.0,27.0,79.9,-41.243,27.6,-3.887,43.5,231.704,1730.541
2022-07-05,MISSING,NO_SOUNDING,0.0,27.9,78.9,,,,,,
2022-07-06,12Z,SELECTED,0.0,27.8,81.2,-13.567,31.6,-4.702,41.6,193.441,1934.568
2022-07-07,12Z,SELECTED,0.0,28.0,81.4,-2.627,33.9,-6.626,43.6,206.615,2928.725
2022-07-08,12Z,SELECTED,0.0,27.6,81.2,-89.105,33.7,-2.066,43.9,218.014,452.519
2022-07-09,12Z,SELECTED,0.0,27.2,78.9,-39.139,24.7,-3.074,39.6,194.301,1710.892
2022-07-10,12Z,SELECTED,0.0,26.7,82.2,-19.419,32.8,-3.962,43.7,192.347,1118.794
2022-07-11,12Z,SELECTED,0.0,27.6,76.2,-58.016,31.3,-3.277,42.8,192.619,781.215
2022-07-12,12Z,SELECTED,2.0,27.3,80.5,-23.748,36.3,-4.482,44.1,235.247,1766.143
2022-07-13,12Z,SELECTED,0.0,27.6,79.1,-15.965,36.4,-5.19,47.7,229.768,2323.738
2022-07-14,12Z,SELECTED,1.0,28.3,83.4,-56.782,38.2,-5.068,48.4,234.078,1589.723
2022-07-15,12Z,SELECTED,8.0,26.8,83.4,-23.088,26.4,-5.36,45.3,236.817,2542.769
2022-07-16,12Z,SELECTED,0.0,27.7,82.9,-45.101,21.7,-5.507,40.0,152.53,2593.27
2022-07-17,12Z,SELECTED,0.0,27.1,82.7,-86.553,24.5,-4.261,40.4,153.704,1959.889
2022-07-18,12Z,SELECTED,0.0,26.5,82.6,-57.958,23.5,-4.747,43.8,195.476,1994.074
2022-07-19,12Z,SELECTED,0.0,26.7,80.5,-28.146,30.9,-3.385,44.2,227.85,1402.194
2022-07-20,12Z,SELECTED,15.0,27.3,84.0,-47.327,30.2,-3.082,42.5,207.973,1508.68
2022-07-21,12Z,SELECTED,5.0,27.0,86.8,-40.838,41.4,-5.306,47.2,212.232,2020.183
2022-07-22,12Z,SELECTED,3.5,26.9,88.5,-18.009,40.1,-5.556,45.9,221.401,2660.637
2022-07-23,12Z,SELECTED,0.0,28.0,87.8,-13.893,33.7,-5.285,45.0,250.331,2719.718
2022-07-24,12Z,SELECTED,49.8,26.2,92.5,-79.876,35.8,-2.124,42.9,204.332,586.828
2022-07-25,12Z,SELECTED,127.0,24.1,95.3,0.0,37.9,0.609,42.8,222.07,0.588
2022-07-26,12Z,SELECTED,1.0,25.5,84.8,-27.145,31.6,-4.844,43.5,201.281,1677.931
2022-07-27,12Z,SELECTED,1.6,26.2,88.5,-138.738,31.9,-2.021,43.6,215.124,213.009
2022-07-28,12Z,SELECTED,0.2,26.1,84.8,-67.082,34.0,-3.552,43.7,230.693,951.975
2022-07-29,12Z,SELECTED,70.8,26.3,88.0,-56.192,28.0,-1.8,41.5,218.784,541.97
2022-07-30,12Z,SELECTED,19.0,26.6,85.1,-52.235,32.4,-3.839,44.1,216.705,1196.368
2022-07-31,12Z,SELECTED,0.0,26.9,82.1,-65.187,32.1,-2.639,43.2,211.109,1160.006
2022-08-01,12Z,SELECTED,0.0,28.1,79.8,-13.638,37.4,-5.768,46.6,229.016,2800.972
2022-08-02,12Z,SELECTED,26.0,26.3,91.0,-28.367,36.8,-4.22,44.3,210.306,1453.901
2022-08-03,12Z,SELECTED,0.0,26.1,87.0,-17.172,33.9,-3.267,39.9,205.931,1570.498
2022-08-04,00Z,SELECTED,1.0,26.3,84.9,-357.901,29.6,1.339,36.6,150.816,1.237
2022-08-05,12Z,SELECTED,0.0,26.7,79.8,-103.589,33.3,-2.722,40.6,183.849,1106.294
2022-08-06,12Z,SELECTED,0.0,27.2,79.0,-20.279,32.7,-5.211,41.1,185.386,2454.44
2022-08-07,12Z,SELECTED,0.0,27.4,79.9,-22.616,33.0,-4.56,43.6,181.032,1578.169
2022-08-08,12Z,SELECTED,0.0,27.4,78.3,-27.696,31.4,-4.432,42.9,176.452,1513.733
2022-08-09,12Z,SELECTED,0.0,27.5,81.1,-33.336,26.7,-5.087,37.4,121.27,1744.752
2022-08-10,12Z,SELECTED,0.0,27.0,77.7,-74.327,35.5,-3.767,46.4,220.455,831.607
2022-08-11,12Z,SELECTED,0.0,27.5,79.6,-35.803,28.5,-3.834,45.4,219.229,1546.13
2022-08-12,12Z,SELECTED,0.0,27.9,81.4,-3.295,33.6,-5.001,41.5,195.457,2660.635
2022-08-13,12Z,SELECTED,0.5,27.9,80.9,-19.388,34.0,-5.564,45.5,216.339,2300.336
2022-08-14,12Z,SELECTED,2.0,26.8,85.6,-69.311,32.9,-6.59,48.0,187.819,1560.723
2022-08-15,12Z,SELECTED,0.0,26.9,79.9,-17.901,36.6,-6.759,45.5,200.301,2570.023
2022-08-16,12Z,SELECTED,4.0,27.6,78.0,-57.872,28.2,-5.214,47.1,201.281,1449.809
2022-08-17,12Z,SELECTED,0.0,27.1,81.1,-58.387,34.1,-3.47,46.0,219.686,1250.581
2022-08-18,12Z,SELECTED,4.8,27.7,82.6,-4.821,41.7,-8.463,51.7,307.609,2762.076
2022-08-19,12Z,SELECTED,12.0,26.7,88.0,-0.837,39.0,-9.163,47.5,233.386,4587.145
2022-08-20,12Z,SELECTED,69.8,26.0,90.6,0.0,37.4,10.095,42.8,225.307,0.0
2022-08-21,12Z,SELECTED,14.0,24.9,88.1,0.0,37.8,1.364,43.9,206.589,0.0
2022-08-22,12Z,SELECTED,0.0,26.0,80.4,-14.133,34.9,-3.409,44.7,224.055,1205.11
2022-08-23,12Z,SELECTED,12.0,26.6,85.5,-23.533,40.5,-3.317,45.6,244.701,1290.11
2022-08-24,12Z,SELECTED,8.5,26.1,87.1,-15.898,36.1,-1.829,41.1,229.161,658.703
2022-08-25,12Z,SELECTED,38.7,24.8,88.5,0.0,33.2,-1.172,38.1,209.64,1053.5
2022-08-26,12Z,SELECTED,2.3,25.8,83.1,-85.21,36.0,-1.585,42.0,220.357,444.77
2022-08-27,12Z,SELECTED,7.0,25.8,85.1,-131.822,35.7,-1.414,42.0,197.725,198.348
2022-08-28,12Z,SELECTED,22.0,25.5,89.3,-24.294,39.7,-1.427,44.0,226.362,464.855
2022-08-29,MISSING,NO_SOUNDING,236.2,24.2,93.8,,,,,,
2022-08-30,12Z,SELECTED,25.0,24.5,86.9,-36.644,32.5,-2.33,40.2,173.824,1091.215
2022-08-31,12Z,SELECTED,0.0,27.3,82.8,-28.19,35.4,-4.164,42.8,194.706,1610.027
2022-09-01,12Z,SELECTED,18.0,26.3,88.1,-90.121,37.1,-1.286,44.0,248.895,91.008
2022-09-02,12Z,SELECTED,17.5,25.1,89.2,-11.329,,,,,85.235
2022-09-03,12Z,SELECTED,28.0,25.4,84.1,-43.274,29.3,-2.252,38.2,179.437,876.504
2022-09-04,12Z,SELECTED,0.9,26.2,85.9,-29.404,25.7,-4.819,40.4,172.043,1892.585
2022-09-05,12Z,SELECTED,0.0,26.3,82.3,-41.182,27.5,-3.879,40.4,159.678,1717.945
2022-09-06,12Z,SELECTED,0.0,27.6,81.8,-15.586,30.6,-4.645,41.5,201.789,2391.397
2022-09-07,12Z,SELECTED,18.0,26.0,86.4,-67.514,27.7,-1.374,39.4,201.359,533.346
2022-09-08,12Z,SELECTED,,26.7,81.3,-26.012,34.0,-4.916,44.1,202.598,2364.66
2022-09-09,12Z,SELECTED,3.0,26.6,79.9,-29.76,35.1,-4.531,41.6,187.812,2165.644
2022-09-10,12Z,SELECTED,0.0,27.4,82.1,-28.025,33.3,-4.968,41.4,169.337,2383.12
2022-09-11,12Z,SELECTED,0.0,27.3,79.6,-47.207,26.3,-3.938,39.8,160.761,1525.996
2022-09-12,12Z,SELECTED,0.0,26.9,80.5,-118.467,34.0,-1.876,43.8,193.742,285.102
2022-09-13,12Z,SELECTED,33.0,26.0,82.0,-26.378,34.0,-3.885,42.7,179.36,1363.097
2022-09-14,12Z,SELECTED,0.8,26.9,81.5,-50.098,35.8,-4.421,46.5,200.444,1414.732
2022-09-15,12Z,SELECTED,0.6,27.0,80.1,-21.819,35.7,-5.95,45.8,215.401,2896.036
2022-09-16,12Z,SELECTED,0.0,27.1,82.8,-7.284,36.0,-5.847,44.5,203.883,2551.936
2022-09-17,12Z,SELECTED,5.8,26.7,84.6,-17.07,37.4,-3.845,43.4,240.663,1736.745
2022-09-18,12Z,SELECTED,167.0,25.2,87.6,-28.811,,,,,168.704
2022-09-19,12Z,SELECTED,4.5,25.5,83.3,-16.443,32.2,-5.512,41.5,176.825,2692.584
2022-09-20,12Z,SELECTED,3.0,27.0,83.0,-31.191,35.7,-5.614,47.0,210.086,2376.104
2022-09-21,12Z,SELECTED,64.0,26.7,89.5,0.0,35.2,-1.238,39.7,222.155,755.734
2022-09-22,12Z,SELECTED,120.6,24.7,87.8,-49.818,28.5,-2.912,40.0,157.076,1068.295
2022-09-23,12Z,SELECTED,0.0,26.4,81.6,-37.214,29.1,-4.092,41.4,165.906,1947.202
2022-09-24,12Z,SELECTED,73.0,26.7,82.7,0.0,32.8,-8.646,40.4,179.707,5308.696
2022-09-25,12Z,SELECTED,0.0,26.9,80.1,-29.49,,,,,500.621
2022-09-26,12Z,SELECTED,0.0,26.9,83.0,-11.467,30.4,-4.911,42.7,199.532,2493.915
2022-09-27,12Z,SELECTED,2.0,27.5,81.9,-14.742,34.4,-4.025,42.2,212.993,2047.278
2022-09-28,12Z,SELECTED,122.0,25.3,89.3,-18.038,36.9,-2.316,41.3,232.212,1075.881
2022-09-29,12Z,SELECTED,0.9,26.3,85.6,-15.872,35.3,-4.446,40.6,163.057,2114.945
2022-09-30,12Z,SELECTED,52.0,26.8,86.2,-73.424,,,,,68.467
2022-10-01,12Z,SELECTED,49.8,26.3,85.4,-22.489,39.8,-3.915,44.8,257.412,2513.89
2022-10-02,12Z,SELECTED,152.2,25.5,90.5,-7.918,38.8,-4.882,45.2,236.791,2091.894
2022-10-03,12Z,SELECTED,20.0,27.1,83.8,-100.457,36.4,0.471,40.8,238.383,90.094
2022-10-04,12Z,SELECTED,9.3,25.2,89.2,-15.346,35.2,-0.687,40.2,224.066,312.799
2022-10-05,12Z,SELECTED,14.0,25.0,86.7,-23.779,32.0,-3.638,41.4,202.017,1401.254
2022-10-06,12Z,SELECTED,2.0,26.4,84.2,-41.078,34.1,-1.687,41.1,227.979,450.129
2022-10-07,12Z,SELECTED,12.0,25.2,87.3,-63.74,33.8,-1.419,43.2,221.927,235.039
2022-10-08,12Z,SELECTED,0.0,26.7,80.5,-23.363,28.3,-5.345,41.4,202.533,3053.966
2022-10-09,12Z,SELECTED,4.0,26.9,81.7,-23.052,30.0,-4.837,42.9,176.25,1840.408
2022-10-10,12Z,SELECTED,3.0,26.6,82.5,-39.372,31.5,-3.399,41.9,195.561,1328.608
2022-10-11,12Z,SELECTED,0.0,27.0,80.1,-14.538,36.0,-5.439,44.3,200.25,2170.96
2022-10-12,12Z,SELECTED,13.0,26.3,85.5,-8.638,33.1,-6.094,43.2,188.216,3201.261
2022-10-13,12Z,SELECTED,1.1,26.5,85.8,-23.347,31.7,-3.736,40.7,201.476,1675.698
2022-10-14,12Z,SELECTED,20.0,26.2,87.0,-36.187,33.0,-2.434,41.7,213.019,701.988
2022-10-15,12Z,SELECTED,69.0,25.7,88.3,-49.881,36.5,0.082,41.4,242.151,14.657
2022-10-16,12Z,SELECTED,44.0,25.1,88.4,-40.944,34.5,-1.788,41.4,206.765,439.21
2022-10-17,12Z,SELECTED,3.0,26.6,82.2,-58.083,31.2,-1.116,36.0,157.27,545.038
2022-10-18,12Z,SELECTED,0.0,27.1,81.6,-11.168,32.9,-4.446,39.8,208.753,2426.722
2022-10-19,12Z,SELECTED,3.9,26.3,85.0,0.0,24.1,7.245,29.2,85.552,0.0
2022-10-20,12Z,SELECTED,24.0,25.2,84.6,0.0,35.1,1.049,41.5,215.209,0.0
2022-10-21,12Z,SELECTED,9.0,24.6,88.6,-55.369,34.8,-0.623,39.9,245.601,158.803
2022-10-22,12Z,SELECTED,2.3,26.3,83.3,-122.038,31.9,-2.814,41.8,205.231,811.654
2022-10-23,12Z,SELECTED,31.0,26.6,86.9,-146.699,35.3,-0.729,43.0,223.677,127.776
2022-10-24,00Z,SELECTED,,26.4,88.3,-179.898,32.5,-1.54,42.8,213.157,279.232
2022-10-25,12Z,SELECTED,,,79.4,-18.405,34.0,-4.758,42.4,228.267,2205.476
2022-10-26,12Z,SELECTED,15.0,26.9,86.9,-8.952,32.8,-4.76,39.4,203.235,2236.161
2022-10-27,12Z,SELECTED,42.0,26.1,85.5,0.0,32.9,16.012,41.1,220.263,0.0
2022-10-28,12Z,SELECTED,10.0,26.8,85.1,-38.055,35.4,-2.754,40.8,233.725,1351.309
2022-10-29,12Z,SELECTED,1.0,27.0,82.9,-22.121,36.0,-2.889,41.4,221.614,1725.164
2022-10-30,12Z,SELECTED,27.0,26.1,89.4,-36.148,34.1,-2.293,42.1,217.609,510.909
2022-10-31,12Z,SELECTED,54.8,25.6,87.7,0.0,29.7,7.333,38.6,187.558,0.0
2022-11-01,12Z,SELECTED,6.5,26.7,83.6,-57.53,34.2,-4.322,44.6,225.561,1179.153
2022-11-02,12Z,SELECTED,0.0,27.2,82.1,-32.156,30.5,-4.589,39.8,190.069,1667.036
2022-11-03,12Z,SELECTED,5.0,27.1,84.6,-43.768,33.1,-2.141,40.9,241.578,690.263
2022-11-04,12Z,SELECTED,29.3,26.3,85.3,0.0,36.2,6.311,43.6,252.267,0.0
2022-11-05,12Z,SELECTED,11.0,26.0,85.5,-70.537,31.7,-2.834,43.2,190.422,700.697
2022-11-06,12Z,SELECTED,0.0,26.6,80.6,-2.265,33.9,-5.185,42.9,212.765,2479.569
2022-11-07,12Z,SELECTED,10.0,26.1,88.0,-24.416,31.2,-3.906,42.7,218.843,1380.146
2022-11-08,12Z,SELECTED,0.4,26.8,84.0,-38.689,33.5,-3.196,42.1,227.269,1506.845
2022-11-09,12Z,SELECTED,12.0,26.7,89.6,-0.076,36.6,-3.169,42.4,218.301,1349.611
2022-11-10,12Z,SELECTED,26.3,25.6,90.0,-21.581,37.3,-4.127,44.6,213.644,1350.565
2022-11-11,12Z,SELECTED,93.0,25.5,92.2,-2.255,35.8,-0.607,40.4,220.499,197.59
2022-11-12,12Z,SELECTED,6.6,25.3,91.5,-17.111,35.0,-3.927,43.9,200.444,1543.736
2022-11-13,12Z,SELECTED,17.0,25.6,90.9,-9.254,33.8,-2.613,43.2,240.866,877.41
2022-11-14,12Z,SELECTED,47.2,25.7,90.6,-27.692,34.0,-2.957,41.0,255.75,1141.762
2022-11-15,12Z,SELECTED,19.5,25.5,89.4,-38.981,33.3,-3.004,40.7,243.066,1143.291
2022-11-16,12Z,SELECTED,231.4,24.1,96.1,-71.858,38.4,-0.678,43.1,266.812,78.718
2022-11-17,12Z,SELECTED,109.0,24.1,95.8,-5.282,34.1,-3.245,41.8,258.658,1110.66
2022-11-18,12Z,SELECTED,8.8,25.0,91.3,-11.351,33.5,-3.007,40.7,262.714,1659.01
2022-11-19,12Z,SELECTED,19.0,26.1,87.0,0.0,,,,,334.122
2022-11-20,12Z,SELECTED,4.0,26.1,86.1,-21.226,35.8,-2.461,41.2,235.467,1138.128
2022-11-21,12Z,SELECTED,8.0,26.4,84.2,-29.445,34.2,-1.333,39.7,245.152,628.039
2022-11-22,12Z,SELECTED,35.5,24.9,92.6,-22.511,30.4,-0.921,39.1,240.547,575.653
2022-11-23,12Z,SELECTED,93.2,24.6,93.5,-3.459,32.1,-2.658,44.2,265.291,1225.783
2022-11-24,12Z,SELECTED,50.0,24.9,92.8,-39.491,32.8,-1.061,39.3,251.888,389.709
2022-11-25,12Z,SELECTED,24.0,25.1,88.5,-42.058,35.7,-2.639,43.0,233.725,1018.488
2022-11-26,00Z,SELECTED,4.2,26.4,82.6,-148.738,28.3,-0.653,40.8,203.557,130.941
2022-11-27,12Z,SELECTED,0.0,26.9,80.8,-36.529,27.4,-4.013,40.5,187.532,2225.776
2022-11-28,12Z,SELECTED,0.0,27.0,82.8,-15.747,35.2,-6.343,48.1,219.914,2533.038
2022-11-29,12Z,SELECTED,5.1,26.6,85.0,-29.854,36.1,-4.097,43.1,200.511,1793.464
2022-11-30,12Z,SELECTED,0.0,26.7,86.0,-15.39,35.2,-6.052,44.3,194.283,2290.727
2022-12-01,12Z,SELECTED,4.0,26.7,85.4,-9.419,36.9,-4.471,43.6,208.59,2100.148
2022-12-02,12Z,SELECTED,36.0,25.4,89.9,-1.32,34.6,-2.89,41.4,216.731,1169.878
2022-12-03,12Z,SELECTED,1.5,25.3,88.3,-25.994,31.3,-2.933,40.3,214.955,1317.639
2022-12-04,12Z,SELECTED,48.0,24.9,93.4,-14.191,31.5,-2.408,40.1,216.047,1303.565
2022-12-05,12Z,SELECTED,0.0,25.2,88.3,-48.83,32.4,-1.703,41.6,211.617,340.675
2022-12-06,12Z,SELECTED,9.0,25.9,87.1,-59.326,35.4,-1.927,41.9,224.04,626.756
2022-12-07,12Z,SELECTED,9.0,25.6,86.7,-6.701,32.1,-2.62,41.2,222.697,751.526
2022-12-08,12Z,SELECTED,0.0,25.8,85.1,-30.615,33.6,-5.434,40.2,193.441,2696.905
2022-12-09,12Z,SELECTED,4.0,27.0,84.5,-10.759,32.1,-4.562,40.4,223.407,2626.164
2022-12-10,12Z,SELECTED,29.0,25.7,90.0,-9.447,34.3,-2.439,41.4,200.537,949.237
2022-12-11,12Z,SELECTED,67.0,23.8,95.1,-16.251,33.8,-0.828,41.3,237.385,119.694
2022-12-12,12Z,SELECTED,22.4,24.3,92.4,-16.567,32.6,-3.938,42.5,200.706,1631.044
2022-12-13,12Z,SELECTED,15.9,24.7,92.3,-2.601,34.1,-2.797,41.1,236.667,1277.044
2022-12-14,12Z,SELECTED,9.0,25.6,86.4,-67.745,30.2,-1.702,38.8,181.441,397.996
2022-12-15,12Z,SELECTED,0.0,26.0,81.9,-49.184,33.3,-5.482,44.4,189.509,2115.923
2022-12-16,12Z,SELECTED,0.0,27.6,76.8,-71.47,32.7,-4.517,43.6,214.668,2158.636
2022-12-17,12Z,SELECTED,0.0,27.8,77.5,-32.751,34.1,-4.964,42.9,197.79,2591.091
2022-12-18,12Z,SELECTED,0.0,27.8,80.4,-24.289,26.7,-5.306,42.8,177.846,2229.367
2022-12-19,12Z,SELECTED,0.0,27.4,80.7,-31.497,33.3,-5.034,43.4,205.539,2612.02
2022-12-20,12Z,SELECTED,12.0,27.8,79.5,0.0,33.7,13.622,42.1,205.042,0.0
2022-12-21,12Z,SELECTED,0.0,27.7,80.9,-13.626,29.9,-5.78,41.4,217.837,3203.408
2022-12-22,12Z,SELECTED,33.0,26.1,85.3,-67.152,32.3,-4.813,42.2,192.065,1621.991
2022-12-23,12Z,SELECTED,0.0,27.1,82.6,-47.264,25.6,-5.921,43.3,201.071,2882.981
2022-12-24,12Z,SELECTED,0.0,27.0,79.3,-41.743,21.1,-7.088,45.0,186.391,2793.334
2022-12-25,12Z,SELECTED,0.0,27.4,75.9,-115.211,26.5,-3.833,44.6,197.935,1284.582
2022-12-26,12Z,SELECTED,0.0,27.0,80.4,-50.967,33.5,-4.704,42.4,193.786,2544.361
2022-12-27,12Z,SELECTED,0.0,26.9,83.3,-32.808,23.9,-6.74,44.4,162.534,3061.821
2022-12-28,12Z,SELECTED,37.0,26.7,84.8,-51.951,36.7,-4.231,44.2,211.863,1304.264
2022-12-29,12Z,SELECTED,24.0,25.2,89.2,-1.95,33.5,-3.08,41.4,209.785,1093.906
2022-12-30,12Z,SELECTED,37.0,24.1,88.8,-178.366,37.5,-1.186,45.5,238.349,26.517
2022-12-31,12Z,SELECTED,21.0,25.7,83.1,-25.302,33.3,-6.801,43.7,201.901,2633.258
2023-01-01,12Z,SELECTED,0.0,26.6,82.4,-12.419,35.1,-4.775,42.3,213.932,2925.303
2023-01-02,12Z,SELECTED,0.2,26.9,80.9,-3.808,34.9,-7.037,45.7,192.078,2955.457
2023-01-03,12Z,SELECTED,0.0,26.7,84.8,-19.499,35.1,-6.005,44.2,186.332,2606.096
2023-01-04,12Z,SELECTED,0.0,26.9,80.8,-0.365,32.0,-6.777,44.5,199.591,3746.128
2023-01-05,12Z,SELECTED,0.0,27.2,84.1,-5.584,36.8,-6.545,43.7,230.784,3892.228
2023-01-06,12Z,SELECTED,88.1,26.0,87.2,-26.562,29.6,-5.108,42.1,211.381,2262.337
2023-01-07,12Z,SELECTED,3.0,25.4,89.8,-6.599,31.2,-4.464,42.1,238.103,2402.63
2023-01-08,12Z,SELECTED,27.7,26.2,85.8,-16.407,28.8,-4.714,40.7,209.699,2520.652
2023-01-09,12Z,SELECTED,0.0,27.0,82.8,-25.648,33.0,-4.199,43.1,213.476,2323.686
2023-01-10,12Z,SELECTED,0.9,26.7,86.9,-37.997,34.4,-4.303,43.0,208.44,1738.408
2023-01-11,12Z,SELECTED,0.0,26.8,83.1,-27.451,33.0,-4.384,42.1,205.617,2048.74
2023-01-12,12Z,SELECTED,0.0,26.9,83.8,-33.292,31.6,-5.497,41.2,154.878,2739.889
2023-01-13,12Z,SELECTED,0.0,26.5,83.2,-30.645,38.9,-4.689,44.4,198.542,2528.296
2023-01-14,12Z,SELECTED,0.9,26.9,81.2,-7.155,35.4,-5.984,43.8,207.162,3204.222
2023-01-15,12Z,SELECTED,6.0,26.7,89.4,-4.012,34.8,-4.898,42.9,200.96,2137.291
2023-01-16,12Z,SELECTED,15.0,27.1,83.2,-7.78,30.8,-4.522,40.3,193.819,2564.049
2023-01-17,12Z,SELECTED,25.0,26.0,90.8,-11.214,35.9,-3.945,44.2,205.801,1875.209
2023-01-18,12Z,SELECTED,0.0,26.3,86.5,-7.447,38.9,-7.249,47.4,215.707,2881.115
2023-01-19,12Z,SELECTED,27.0,26.4,92.0,-25.677,37.7,-5.145,44.6,223.558,2526.098
2023-01-20,12Z,SELECTED,35.0,26.3,88.2,-199.761,35.2,0.479,43.2,220.559,29.833
2023-01-21,12Z,SELECTED,5.0,25.4,88.3,-5.304,38.8,-6.136,46.3,232.93,2950.1
2023-01-22,12Z,SELECTED,7.0,26.3,87.0,-30.616,36.1,-3.386,44.6,216.365,913.293
2023-01-23,12Z,SELECTED,47.0,24.9,93.1,0.0,,,,,85.861
2023-01-24,12Z,SELECTED,44.0,24.8,88.5,-25.685,35.8,-3.391,42.3,195.958,1383.003
2023-01-25,12Z,SELECTED,0.0,26.7,78.7,-73.408,33.7,-3.981,42.9,182.283,1781.744
2023-01-26,12Z,SELECTED,0.0,27.3,82.9,-33.689,33.1,-4.074,41.1,186.358,2006.983
2023-01-27,12Z,SELECTED,51.0,25.1,91.9,-5.784,36.8,0.153,41.7,252.808,41.705
2023-01-28,12Z,SELECTED,16.0,25.0,88.5,-45.207,32.6,-1.439,41.9,225.893,336.367
2023-01-29,12Z,SELECTED,0.0,26.4,86.7,-24.558,34.2,-6.664,46.3,202.65,3133.909
2023-01-30,12Z,SELECTED,0.0,27.1,85.3,-10.61,37.0,-7.895,47.9,234.477,3913.055
2023-01-31,12Z,SELECTED,0.0,27.6,86.0,-70.279,35.1,-2.643,43.5,211.793,1290.856
2023-02-01,12Z,SELECTED,2.0,26.9,82.4,-45.784,30.3,-5.501,43.0,207.781,3112.178
2023-02-02,00Z,SELECTED,,,88.9,-117.746,28.9,-1.778,41.2,186.645,525.389
2023-02-03,12Z,SELECTED,0.0,27.1,77.5,-26.478,29.2,-4.693,43.9,209.961,1851.948
2023-02-04,12Z,SELECTED,8.0,27.0,83.1,-6.87,32.6,-5.275,40.9,207.958,3275.608
2023-02-05,12Z,SELECTED,15.0,26.3,87.7,0.0,35.9,1.503,42.6,247.265,0.0
2023-02-06,12Z,SELECTED,10.0,26.0,81.6,-57.328,33.7,-4.751,44.8,212.327,1512.178
2023-02-07,12Z,SELECTED,0.0,27.6,76.3,-75.409,20.1,-4.476,41.8,191.497,1737.892
2023-02-08,12Z,SELECTED,0.0,26.9,78.3,-27.473,36.4,-5.412,42.8,206.047,3004.551
2023-02-09,12Z,SELECTED,31.5,27.4,80.8,-15.829,34.6,-5.208,41.7,213.214,3025.617
2023-02-10,MISSING,NO_SOUNDING,11.5,27.2,82.2,,,,,,
2023-02-11,MISSING,NO_SOUNDING,37.0,25.2,92.6,,,,,,
2023-02-12,MISSING,NO_SOUNDING,0.4,25.2,83.1,,,,,,
2023-02-13,MISSING,NO_SOUNDING,39.8,26.7,86.4,,,,,,
2023-02-14,MISSING,NO_SOUNDING,0.0,26.9,87.5,,,,,,
2023-02-15,MISSING,NO_SOUNDING,0.0,27.0,84.7,,,,,,
2023-02-16,MISSING,NO_SOUNDING,0.5,27.4,81.8,,,,,,
2023-02-17,MISSING,NO_SOUNDING,0.0,26.8,85.2,,,,,,
2023-02-18,12Z,SELECTED,0.0,27.6,82.3,-7.588,35.3,-5.369,45.6,251.901,2398.128
2023-02-19,12Z,SELECTED,0.0,27.8,89.0,-14.255,33.1,-5.156,40.5,197.647,2529.593
2023-02-20,12Z,SELECTED,0.0,27.5,85.7,-7.013,36.9,-6.552,44.8,212.934,3091.761
2023-02-21,12Z,SELECTED,19.1,26.3,90.5,-0.447,36.8,-5.041,42.8,216.881,2517.41
2023-02-22,12Z,SELECTED,18.0,26.2,90.7,-10.445,39.3,-1.955,43.6,237.763,683.971
2023-02-23,12Z,SELECTED,6.0,26.5,85.7,-11.542,35.5,-4.269,43.0,231.476,2679.871
2023-02-24,12Z,SELECTED,29.2,26.8,89.7,-15.246,38.0,-6.547,46.2,225.755,3173.271
2023-02-25,12Z,SELECTED,0.8,26.9,84.7,-42.261,13.9,-5.733,45.4,195.281,2635.057
2023-02-26,12Z,SELECTED,0.0,27.7,86.1,-28.529,29.9,-7.219,45.0,185.876,3143.014
2023-02-27,12Z,SELECTED,1.0,28.0,82.1,-27.756,36.4,-5.049,45.3,216.399,2435.813
2023-02-28,12Z,SELECTED,9.0,26.7,86.8,-50.867,29.3,-4.822,44.0,174.593,2201.653
2023-03-01,12Z,SELECTED,5.0,27.1,89.8,-23.079,34.2,-5.408,44.1,239.015,3201.448
2023-03-02,12Z,SELECTED,27.0,26.6,88.2,-13.778,34.1,-4.341,43.5,208.989,1928.039
2023-03-03,12Z,SELECTED,4.0,26.4,88.6,-67.928,15.7,-2.148,36.2,141.299,643.839
2023-03-04,12Z,SELECTED,0.0,26.1,86.2,-19.377,25.0,-4.189,43.7,241.407,2556.044
2023-03-05,12Z,SELECTED,2.5,27.3,86.4,-15.876,35.6,-5.138,43.7,227.209,2751.82
2023-03-06,12Z,SELECTED,0.0,27.4,85.3,-17.524,39.5,-5.692,45.8,229.076,2831.803
2023-03-07,12Z,SELECTED,0.5,27.5,86.3,-18.17,37.9,-5.071,45.2,231.214,2408.945
2023-03-08,12Z,SELECTED,0.0,27.7,84.9,-4.571,33.3,-6.964,45.2,236.47,3404.48
2023-03-09,12Z,SELECTED,0.0,27.6,86.8,-7.236,39.5,-7.3,46.6,220.193,3104.456
2023-03-10,12Z,SELECTED,7.0,26.8,91.7,-15.637,37.3,-5.067,45.5,217.565,1857.693
2023-03-11,12Z,SELECTED,63.3,25.5,95.0,-21.11,38.3,-3.191,44.1,202.396,984.276
2023-03-12,12Z,SELECTED,4.0,26.4,84.1,-29.579,37.7,-5.223,46.8,227.393,2156.033
2023-03-13,12Z,SELECTED,0.0,27.3,88.0,-6.375,41.4,-7.564,47.6,224.022,3445.097
2023-03-14,12Z,SELECTED,5.0,27.4,87.1,-10.147,34.3,-6.191,43.7,198.762,3393.196
2023-03-15,12Z,SELECTED,2.0,26.8,89.8,-92.849,38.2,-4.013,45.7,204.272,1606.512
2023-03-16,12Z,SELECTED,0.0,27.1,87.3,-30.998,36.0,-6.664,45.9,225.737,3539.555
2023-03-17,12Z,SELECTED,0.0,27.7,88.4,-31.849,39.9,-6.426,47.0,229.278,3058.184
2023-03-18,12Z,SELECTED,0.0,27.7,84.6,-47.583,37.5,-4.385,42.0,231.385,2617.681
2023-03-19,12Z,SELECTED,8.0,27.4,88.4,-9.557,36.1,-6.677,45.6,242.504,3791.339
2023-03-20,12Z,SELECTED,0.0,27.8,86.5,0.0,42.0,-35.231,47.2,238.422,38045.45
2023-03-21,12Z,SELECTED,12.0,26.7,88.9,-71.005,31.8,-4.082,42.9,183.973,1593.217
2023-03-22,12Z,SELECTED,0.0,27.1,85.0,-71.26,36.3,-4.255,46.0,211.514,1396.424
2023-03-23,12Z,SELECTED,1.0,27.3,90.4,-36.826,38.5,-5.692,44.6,231.266,2497.77
2023-03-24,12Z,SELECTED,2.0,26.9,86.2,-2.757,38.2,-6.075,45.1,220.212,2579.233
2023-03-25,12Z,SELECTED,59.0,26.0,88.1,-46.17,32.6,-4.9,42.0,186.899,2200.553
2023-03-26,12Z,SELECTED,0.4,27.3,84.0,-30.995,31.1,-4.274,41.2,201.696,2456.571
2023-03-27,12Z,SELECTED,0.5,27.8,84.3,-14.146,37.1,-6.807,49.0,246.99,3560.253
2023-03-28,12Z,SELECTED,1.0,28.1,85.1,-11.139,37.1,-6.036,45.2,244.963,4029.265
2023-03-29,00Z,SELECTED,10.0,27.2,89.6,-70.471,37.5,-3.655,44.3,217.827,1364.011
2023-03-30,12Z,SELECTED,134.0,25.7,90.7,-111.165,31.7,-0.822,41.6,200.32,115.913
2023-03-31,12Z,SELECTED,0.5,25.8,85.7,-23.795,35.4,-5.196,43.3,211.016,2582.469
2023-04-01,12Z,SELECTED,7.5,26.7,86.5,-26.086,31.8,-4.349,41.4,214.787,2236.767
2023-04-02,12Z,SELECTED,20.0,26.8,86.0,-43.495,34.3,-4.013,43.5,203.681,1709.315
2023-04-03,12Z,SELECTED,5.0,27.2,83.6,-44.264,34.5,-4.111,43.0,230.809,2233.102
2023-04-04,12Z,SELECTED,0.0,27.5,85.1,-27.317,33.6,-4.839,42.9,239.92,2881.951
2023-04-05,12Z,SELECTED,37.8,26.6,87.2,-6.631,39.1,-5.656,46.5,258.723,2599.058
2023-04-06,12Z,SELECTED,7.5,27.1,89.7,-35.586,35.5,-5.207,45.8,216.104,2139.801
2023-04-07,12Z,SELECTED,0.0,27.7,82.8,-38.987,31.8,-5.302,43.9,209.191,2368.09
2023-04-08,12Z,SELECTED,0.0,27.8,85.5,-25.461,35.4,-6.068,46.7,233.191,2634.155
2023-04-09,12Z,SELECTED,11.0,27.8,86.0,-137.79,35.5,-3.042,46.4,205.48,641.435
2023-04-10,12Z,SELECTED,0.0,26.7,90.4,-43.683,,,,,51.549
2023-04-11,12Z,SELECTED,0.0,26.9,87.2,-37.379,33.5,-3.147,43.8,244.709,1676.374
2023-04-12,12Z,SELECTED,2.0,28.0,87.5,-19.211,31.2,-5.246,42.7,214.904,2213.925
2023-04-13,12Z,SELECTED,0.0,28.0,84.5,-21.624,34.2,-4.526,41.8,211.76,2352.018
2023-04-14,12Z,SELECTED,0.0,28.2,85.8,-25.352,30.4,-5.97,45.5,211.734,2435.187
2023-04-15,12Z,SELECTED,65.0,27.3,89.8,-32.955,31.6,-4.261,43.1,218.478,1880.007
2023-04-16,12Z,SELECTED,6.0,27.1,90.6,-30.109,36.3,-4.781,45.3,223.532,1876.05
2023-04-17,12Z,SELECTED,0.0,27.7,82.2,-45.629,33.5,-5.257,45.2,207.483,2285.722
2023-04-18,12Z,SELECTED,0.0,28.0,87.4,-12.546,36.6,-5.514,43.9,218.993,3089.955
2023-04-19,12Z,SELECTED,0.0,28.0,84.6,-12.091,36.4,-5.858,44.7,233.393,2840.817
2023-04-20,12Z,SELECTED,10.0,27.8,86.9,-20.543,34.6,-5.558,45.7,239.883,2760.244
2023-04-21,12Z,SELECTED,0.0,28.1,85.7,-13.336,37.9,-5.008,44.8,249.704,2816.397
2023-04-22,12Z,SELECTED,3.0,27.3,90.0,-14.082,39.0,-5.654,45.1,239.106,2939.873
2023-04-23,12Z,SELECTED,2.0,27.9,89.0,-110.879,39.0,-3.583,46.0,225.906,1258.388
2023-04-24,12Z,SELECTED,0.0,28.1,86.5,-22.378,40.0,-5.556,45.6,233.427,2520.984
2023-04-25,12Z,SELECTED,20.0,28.3,86.1,-143.35,39.6,-3.069,47.2,236.791,433.628
2023-04-26,12Z,SELECTED,5.8,27.0,90.5,-13.797,134.081,-67.627,168.7,2625.196,20377.786
2023-04-27,12Z,SELECTED,30.0,27.4,89.7,-131.056,41.0,-1.659,45.1,248.107,98.919
2023-04-28,12Z,SELECTED,54.0,26.7,91.0,-89.544,40.4,-1.824,44.9,268.839,39.87
2023-04-29,12Z,SELECTED,42.0,26.6,86.0,-43.254,32.3,-4.679,43.6,198.601,1933.709
2023-04-30,12Z,SELECTED,0.0,28.3,89.5,-36.207,37.4,-4.963,46.4,213.66,1937.249
2023-05-01,12Z,SELECTED,0.0,28.3,84.8,-82.014,39.5,-3.454,45.2,234.99,1386.96
2023-05-02,12Z,SELECTED,2.0,27.7,89.7,-27.292,38.3,-4.437,43.3,231.136,2575.46
2023-05-03,12Z,SELECTED,0.0,28.2,89.2,-63.789,33.7,-4.136,44.4,210.086,1503.058
2023-05-04,12Z,SELECTED,0.0,28.6,86.1,-29.769,29.0,-4.586,43.5,217.573,2264.128
2023-05-05,12Z,SELECTED,1.4,28.1,88.6,-17.868,36.4,-4.382,43.3,230.993,1947.282
2023-05-06,12Z,SELECTED,58.0,26.9,92.3,-10.468,,,,,130.351
2023-05-07,12Z,SELECTED,109.5,24.9,93.9,-29.797,35.9,-2.181,42.1,269.347,581.522
2023-05-08,12Z,SELECTED,27.5,25.7,92.4,-99.666,32.2,-0.469,40.7,254.887,114.401
2023-05-09,12Z,SELECTED,0.0,27.3,85.4,-74.094,27.9,-1.861,35.8,236.633,1909.863
2023-05-10,12Z,SELECTED,0.0,28.1,83.7,-67.581,39.1,-3.858,43.7,249.019,2156.106
2023-05-11,12Z,SELECTED,0.0,28.4,87.1,-8.901,33.9,-6.042,43.8,253.897,3537.542
2023-05-12,12Z,SELECTED,6.0,28.8,89.9,-22.695,38.9,-6.505,45.0,260.185,3196.12
2023-05-13,12Z,SELECTED,0.0,28.3,90.5,-33.751,28.8,-7.276,47.1,249.781,3204.71
2023-05-14,12Z,SELECTED,0.4,28.8,85.6,-20.619,32.6,-7.278,45.3,202.134,3151.624
2023-05-15,12Z,SELECTED,0.0,28.4,86.2,-50.195,30.3,-7.08,44.8,181.793,2758.678
2023-05-16,12Z,SELECTED,0.0,28.5,86.2,-38.665,31.7,-6.165,44.2,189.39,2704.499
2023-05-17,12Z,SELECTED,0.0,28.8,82.3,-10.921,31.2,-5.744,43.1,220.676,2959.808
2023-05-18,12Z,SELECTED,1.5,28.6,86.8,-23.061,33.0,-5.187,43.1,226.701,2736.531
2023-05-19,12Z,SELECTED,7.0,27.7,89.4,-9.654,32.7,-6.377,44.4,229.33,3279.104
2023-05-20,12Z,SELECTED,0.0,27.8,87.0,-15.553,29.9,-5.335,40.2,180.425,2376.74
2023-05-21,12Z,SELECTED,0.0,28.1,87.3,-11.956,37.5,-6.681,45.5,228.086,3381.702
2023-05-22,12Z,SELECTED,1.0,27.9,88.3,-23.602,30.0,-4.833,43.3,216.391,2236.306
2023-05-23,12Z,SELECTED,0.0,28.0,86.4,-16.697,33.1,-5.975,44.2,214.668,2355.483
2023-05-24,12Z,SELECTED,4.0,28.2,83.9,-19.118,34.8,-5.444,44.2,215.647,2236.536
2023-05-25,12Z,SELECTED,0.0,28.2,82.4,-20.807,34.0,-4.962,42.1,206.022,2483.529
2023-05-26,12Z,SELECTED,0.0,28.4,82.4,-57.052,34.1,-4.048,42.6,196.904,1745.647
2023-05-27,12Z,SELECTED,0.0,28.0,85.1,-7.96,34.8,-5.378,42.7,233.647,2786.45
2023-05-28,12Z,SELECTED,1.2,27.9,85.4,-10.378,37.2,-4.09,42.0,244.043,1745.012
2023-05-29,12Z,SELECTED,43.0,26.7,91.2,-39.714,35.4,-3.945,43.4,240.477,1715.656
2023-05-30,12Z,SELECTED,2.0,27.7,85.9,-16.636,40.3,-6.479,46.2,233.106,2770.708
2023-05-31,12Z,SELECTED,12.0,27.4,87.6,-15.749,34.9,-4.53,43.6,234.593,2211.989
2023-06-01,12Z,SELECTED,4.3,27.1,90.1,-11.338,27.5,-6.789,44.0,203.445,2490.18
2023-06-02,12Z,SELECTED,0.0,27.6,87.7,-44.01,34.9,-5.283,47.6,234.542,2142.3
2023-06-03,12Z,SELECTED,2.0,28.3,84.2,-0.295,40.7,-7.391,47.0,240.933,3230.116
2023-06-04,12Z,SELECTED,0.0,27.6,90.3,-15.988,33.8,-5.822,42.3,206.791,3325.818
2023-06-05,12Z,SELECTED,0.0,28.1,89.8,-15.945,35.3,-4.775,42.7,226.904,2692.558
2023-06-06,12Z,SELECTED,2.0,27.6,85.2,-20.076,32.5,-5.039,44.2,204.508,2203.394
2023-06-07,12Z,SELECTED,0.0,27.7,86.8,-23.834,29.1,-5.892,41.2,187.931,2565.83
2023-06-08,12Z,SELECTED,0.0,27.5,85.0,-15.402,29.4,-6.836,44.5,209.647,3094.631
2023-06-09,12Z,SELECTED,0.0,27.3,90.1,-13.528,36.3,-6.133,43.6,227.072,3805.372
2023-06-10,12Z,SELECTED,50.0,27.0,87.8,-4.108,37.7,-5.751,45.1,250.447,3128.112
2023-06-11,12Z,SELECTED,0.0,27.8,84.4,-17.612,34.6,-5.494,43.0,207.416,2462.851
2023-06-12,12Z,SELECTED,12.0,27.6,88.2,-11.137,35.8,-6.206,47.9,235.278,2541.75
2023-06-13,12Z,SELECTED,4.0,27.6,86.2,-51.687,37.0,-4.091,43.5,211.532,1705.533
2023-06-14,12Z,SELECTED,1.0,27.6,85.7,-5.734,38.4,-7.071,47.2,248.739,3565.764
2023-06-15,12Z,SELECTED,4.0,28.4,83.9,-37.049,29.1,-5.663,40.6,219.496,2570.954
2023-06-16,12Z,SELECTED,0.0,28.7,76.2,-55.362,27.9,-5.93,41.4,190.577,2144.803
2023-06-17,12Z,SELECTED,0.0,26.7,88.0,-14.499,35.7,-4.112,43.0,237.553,1571.891
2023-06-18,12Z,SELECTED,9.0,27.0,83.0,-29.655,32.5,-6.035,41.0,185.471,3275.904
2023-06-19,12Z,SELECTED,0.0,28.5,80.7,-30.595,34.0,-7.455,47.1,230.073,3204.611
2023-06-20,12Z,SELECTED,40.0,27.7,87.0,-17.772,36.6,-7.194,48.1,229.514,3234.093
2023-06-21,12Z,SELECTED,0.0,28.4,85.3,-7.429,35.3,-6.561,46.8,236.224,3227.256
2023-06-22,12Z,SELECTED,0.3,28.1,86.5,-3.383,42.8,-7.774,48.1,241.514,4205.586
2023-06-23,12Z,SELECTED,94.2,26.6,95.3,-129.456,35.5,-4.189,46.6,198.645,540.145
2023-06-24,12Z,SELECTED,0.0,26.2,90.1,-16.394,32.1,-5.701,42.2,200.478,2891.242
2023-06-25,12Z,SELECTED,0.0,27.5,85.7,-1.513,36.9,-6.865,44.7,231.053,3524.173
2023-06-26,12Z,SELECTED,69.0,26.8,88.2,-8.89,30.6,-4.837,41.5,198.822,2647.086
2023-06-27,12Z,SELECTED,21.0,27.6,88.4,-6.283,31.4,-5.057,41.1,206.993,2821.74
2023-06-28,12Z,SELECTED,0.5,27.6,84.1,-4.373,36.3,-6.789,43.9,189.618,3224.533
2023-06-29,12Z,SELECTED,0.0,28.2,87.0,-20.397,35.9,-5.321,42.3,229.812,2883.721
2023-06-30,12Z,SELECTED,40.0,26.4,90.8,-1.655,37.1,-2.176,42.1,236.159,560.233
2023-07-01,12Z,SELECTED,25.0,25.4,89.2,-51.671,32.4,-2.926,43.3,207.501,591.238
2023-07-02,12Z,SELECTED,0.0,26.2,83.5,-62.867,34.3,-5.336,44.8,193.801,694.935
2023-07-03,12Z,SELECTED,1.5,27.3,87.8,-12.693,39.1,-6.251,45.5,232.422,3353.773
2023-07-04,12Z,SELECTED,1.2,27.6,89.3,-12.562,37.8,-5.745,43.9,255.494,3224.548
2023-07-05,12Z,SELECTED,24.0,26.4,92.4,-20.082,32.3,-4.466,43.2,240.469,1589.098
2023-07-06,12Z,SELECTED,15.0,26.5,89.9,-53.401,40.1,-5.489,46.3,231.965,2513.685
2023-07-07,12Z,SELECTED,0.0,27.2,88.5,-7.563,36.9,-6.489,46.7,226.447,2579.645
2023-07-08,12Z,SELECTED,2.0,27.2,88.2,-5.908,33.9,-6.259,44.2,211.363,2735.603
2023-07-09,12Z,SELECTED,0.0,27.8,87.9,-8.08,35.2,-5.562,40.6,216.163,3452.544
2023-07-10,12Z,SELECTED,62.6,26.0,91.5,-5.806,34.7,-3.32,43.1,230.784,931.107
2023-07-11,12Z,SELECTED,11.8,26.9,83.5,-18.922,37.7,-5.64,45.7,237.932,3005.163
2023-07-12,12Z,SELECTED,19.0,27.0,89.3,-11.565,36.5,-2.764,41.9,232.981,1560.88
2023-07-13,12Z,SELECTED,2.0,26.4,85.8,-2.954,34.9,-6.354,43.5,219.906,3243.968
2023-07-14,12Z,SELECTED,264.0,25.2,93.7,-61.948,35.4,-3.111,42.6,190.787,622.857
2023-07-15,12Z,SELECTED,0.0,25.1,88.4,-29.251,32.2,-4.578,43.5,221.497,1863.07
2023-07-16,12Z,SELECTED,0.0,27.2,87.2,-18.413,35.0,-5.448,42.2,194.968,2608.644
2023-07-17,12Z,SELECTED,0.0,27.1,89.4,-5.394,39.8,-6.47,46.3,235.076,2767.734
2023-07-18,12Z,SELECTED,8.0,26.9,91.3,-15.356,36.7,-4.588,41.1,209.707,2497.017
2023-07-19,12Z,SELECTED,0.0,27.0,87.5,-3.663,33.6,-5.076,42.9,238.821,2495.335
2023-07-20,12Z,SELECTED,19.0,25.8,93.3,-7.396,32.6,-3.587,42.5,226.043,1300.964
2023-07-21,12Z,SELECTED,23.0,26.2,89.3,-39.1,34.3,-5.299,42.8,203.707,2274.507
2023-07-22,12Z,SELECTED,0.0,27.1,83.7,-19.819,33.4,-5.537,42.2,212.335,2811.396
2023-07-23,12Z,SELECTED,4.0,26.9,89.6,-53.705,34.4,-1.941,42.0,230.667,348.428
2023-07-24,12Z,SELECTED,1.0,26.7,84.5,-14.859,36.2,-5.144,43.1,244.263,2546.044
2023-07-25,12Z,SELECTED,0.0,28.0,81.2,-26.056,31.6,-4.287,42.5,223.532,2221.88
2023-07-26,12Z,SELECTED,0.0,28.0,85.8,-18.471,35.0,-7.23,43.6,209.217,3448.082
2023-07-27,12Z,SELECTED,0.0,27.8,85.9,-4.143,28.3,-6.709,40.0,229.747,3652.058
2023-07-28,12Z,SELECTED,0.0,27.3,87.3,-9.109,25.6,-7.934,42.5,207.105,3783.404
2023-07-29,12Z,SELECTED,0.0,27.4,86.7,0.0,23.3,-5.713,37.0,180.814,3512.739
2023-07-30,12Z,SELECTED,0.0,27.6,84.8,0.0,31.3,-6.361,39.4,208.59,3929.63
2023-07-31,12Z,SELECTED,0.0,27.5,82.2,0.0,35.0,-7.619,43.6,211.827,4041.076
2023-08-01,12Z,SELECTED,57.0,26.9,88.7,0.0,37.6,-2.961,42.9,231.307,1104.574
2023-08-02,12Z,SELECTED,15.0,26.2,85.0,-9.811,28.5,-7.359,43.0,180.104,3291.823
2023-08-03,12Z,SELECTED,0.0,27.0,85.8,0.0,36.1,-7.276,45.8,226.878,3651.656
2023-08-04,12Z,SELECTED,0.0,27.5,83.1,0.0,38.3,-9.174,46.0,235.827,5186.521
2023-08-05,12Z,SELECTED,10.0,27.0,87.0,-12.934,40.5,-6.859,44.8,245.165,3936.222
2023-08-06,12Z,SELECTED,58.0,27.1,89.1,-5.748,37.5,-7.207,45.3,210.111,3608.891
2023-08-07,12Z,SELECTED,3.2,27.7,87.5,0.0,40.8,-9.52,49.0,227.139,4585.836
2023-08-08,12Z,SELECTED,9.3,27.0,88.1,-0.274,,,,,651.758
2023-08-09,12Z,SELECTED,1.0,26.6,86.9,-1.406,38.1,-7.384,44.5,242.268,4412.054
2023-08-10,12Z,SELECTED,66.0,27.0,87.8,-181.256,36.8,0.65,41.5,209.85,172.711
2023-08-11,12Z,SELECTED,11.0,26.7,83.4,-1.336,27.9,-6.669,40.6,159.947,3477.289
2023-08-12,00Z,SELECTED,,,92.1,-104.689,33.1,-1.195,40.9,178.59,356.255
2023-08-13,12Z,SELECTED,,29.2,78.0,0.0,39.6,-6.126,44.0,244.896,3630.262
2023-08-14,12Z,SELECTED,36.5,25.1,92.5,-19.971,30.2,-3.022,39.3,218.784,1332.604
2023-08-15,12Z,SELECTED,0.0,26.2,83.3,-48.696,37.1,-3.56,43.8,200.486,1196.209
2023-08-16,12Z,SELECTED,0.0,27.4,82.5,-3.473,41.1,-8.152,48.0,226.632,3939.4
2023-08-17,12Z,SELECTED,86.0,26.8,91.3,-0.192,38.9,-4.162,44.8,218.968,1396.56
2023-08-18,12Z,SELECTED,1.0,26.4,86.5,-7.242,34.8,-6.25,45.9,223.801,2937.658
2023-08-19,12Z,SELECTED,0.0,27.2,83.4,-10.127,31.9,-5.504,45.0,212.739,2460.44
2023-08-20,12Z,SELECTED,28.0,27.5,84.9,-6.558,34.3,-4.264,42.0,210.078,2322.524
2023-08-21,12Z,SELECTED,3.0,26.3,87.3,-101.166,33.5,-5.326,44.6,167.199,2366.163
2023-08-22,12Z,SELECTED,2.5,27.5,85.7,-30.876,38.5,-3.591,43.5,229.05,1675.283
2023-08-23,12Z,SELECTED,33.0,26.9,84.1,-8.703,37.0,-7.177,47.1,230.993,3610.252
2023-08-24,12Z,SELECTED,0.4,27.5,85.5,-5.198,33.1,-7.601,46.6,235.304,3614.591
2023-08-25,12Z,SELECTED,48.0,26.3,91.0,-55.007,36.8,-2.129,43.8,222.645,587.27
2023-08-26,12Z,SELECTED,36.0,25.7,89.3,-0.024,38.0,-3.107,44.1,244.922,1019.759
2023-08-27,12Z,SELECTED,23.0,26.2,83.8,-15.256,37.0,-4.523,44.0,227.08,2321.389
2023-08-28,12Z,SELECTED,102.0,26.9,85.5,-11.508,33.1,-5.081,44.0,197.316,2024.799
2023-08-29,12Z,SELECTED,0.0,27.1,84.2,-17.881,37.1,-4.591,43.3,215.106,1863.748
2023-08-30,12Z,SELECTED,0.0,27.7,79.8,-10.565,33.1,-4.578,42.0,221.57,3003.205
2023-08-31,12Z,SELECTED,0.0,28.0,82.3,-5.278,23.5,-6.114,43.6,231.214,3527.228
2023-09-01,12Z,SELECTED,0.0,27.7,77.7,-12.553,16.5,-3.853,38.2,190.683,1740.304
2023-09-02,12Z,SELECTED,0.0,26.5,80.2,-17.46,26.5,-4.226,40.6,182.46,1551.254
2023-09-03,MISSING,NO_SOUNDING,,,,,,,,,
2023-09-04,12Z,SELECTED,,27.5,81.7,-10.146,36.4,-4.991,44.9,244.219,2163.799
2023-09-05,12Z,SELECTED,10.0,26.8,88.9,-28.018,38.8,-2.235,43.1,245.445,732.381
2023-09-06,12Z,SELECTED,46.0,24.9,94.2,-42.744,35.8,-2.305,45.1,234.155,473.796
2023-09-07,12Z,SELECTED,1.0,25.5,87.5,-31.578,29.6,-5.739,44.1,239.673,3157.892
2023-09-08,12Z,SELECTED,0.0,27.6,85.9,-3.133,39.5,-5.095,43.1,245.961,3185.758
2023-09-09,12Z,SELECTED,15.0,26.4,90.8,-32.397,34.1,-3.375,42.9,197.124,642.445
2023-09-10,12Z,SELECTED,1.0,26.3,84.7,-8.141,35.4,-5.628,43.4,226.989,2068.924
2023-09-11,12Z,SELECTED,0.0,26.1,84.8,-6.188,25.7,-4.254,45.6,240.619,1742.187
2023-09-12,00Z,SELECTED,0.0,27.3,83.9,-51.986,29.9,-5.08,49.0,230.361,1273.144
2023-09-13,12Z,SELECTED,0.0,27.5,83.8,-6.413,27.8,-4.441,39.7,218.066,2888.232
2023-09-14,12Z,SELECTED,0.0,26.8,84.3,-9.91,20.1,-5.62,45.6,227.647,2086.723
2023-09-15,12Z,SELECTED,0.0,26.9,85.6,-8.405,29.6,-5.223,43.9,229.871,2283.34
2023-09-16,12Z,SELECTED,0.0,27.2,84.2,-13.209,30.7,-4.568,44.8,237.45,2068.757
2023-09-17,12Z,SELECTED,0.6,27.4,83.3,-3.936,34.5,-4.24,42.1,243.755,2612.934
2023-09-18,12Z,SELECTED,4.4,26.6,87.3,-0.852,36.1,-6.49,46.2,246.384,3069.527
2023-09-19,12Z,SELECTED,0.0,27.3,85.3,-1.309,38.1,-5.17,46.9,248.353,2091.387
2023-09-20,12Z,SELECTED,39.6,26.3,90.4,-74.779,,,,,55.505
2023-09-21,12Z,SELECTED,50.5,24.9,92.3,-17.927,36.7,-2.747,43.5,228.586,798.799
2023-09-22,12Z,SELECTED,0.5,26.3,88.0,-6.855,24.9,-5.165,41.8,199.625,2338.101
2023-09-23,12Z,SELECTED,0.0,26.4,84.7,-5.681,31.8,-3.501,40.4,202.683,1445.547
2023-09-24,12Z,SELECTED,0.0,26.4,82.9,-25.553,26.7,-3.244,39.4,155.857,1022.938
2023-09-25,12Z,SELECTED,0.0,26.0,84.4,-17.364,10.6,-0.783,37.9,182.022,500.61
2023-09-26,12Z,SELECTED,0.0,25.6,83.6,-7.281,28.4,-3.098,36.0,138.347,1992.717
2023-09-27,12Z,SELECTED,0.0,26.8,84.1,-20.12,18.3,-2.801,40.4,202.624,1299.747
2023-09-28,12Z,SELECTED,0.0,26.1,84.6,-3.697,26.1,-4.306,40.8,218.159,1958.804
2023-09-29,12Z,SELECTED,0.0,27.1,83.0,-6.547,36.4,-5.06,45.3,230.537,2072.376
2023-09-30,12Z,SELECTED,0.0,26.6,84.8,-3.964,37.1,-5.625,46.3,244.989,2324.194
2023-10-01,12Z,SELECTED,0.0,27.1,84.9,-2.788,33.7,-5.936,43.5,190.403,2711.072
2023-10-02,12Z,SELECTED,0.0,27.2,82.2,-7.989,26.1,-3.233,38.2,165.965,1300.872
2023-10-03,12Z,SELECTED,0.0,25.8,85.6,-25.663,14.3,-1.516,28.4,46.414,823.303
2023-10-04,12Z,SELECTED,0.0,25.1,87.2,-0.551,25.3,-2.358,39.8,229.337,1585.079
2023-10-05,12Z,SELECTED,5.0,25.8,89.9,-0.719,38.1,-4.059,43.1,240.84,1759.469
2023-10-06,12Z,SELECTED,0.8,26.5,88.8,-4.422,38.0,-4.063,42.0,220.963,2013.15
2023-10-07,12Z,SELECTED,0.0,26.7,89.7,-0.442,16.6,-5.898,46.3,225.468,2474.943
2023-10-08,12Z,SELECTED,0.0,26.9,88.2,-0.634,15.0,-5.03,43.5,232.473,2080.197
2023-10-09,12Z,SELECTED,0.0,26.8,87.7,-0.97,37.1,-4.883,44.0,237.509,2499.708
2023-10-10,12Z,SELECTED,0.0,26.6,89.2,-3.831,34.5,-3.86,43.2,228.762,2017.499
2023-10-11,12Z,SELECTED,0.7,27.1,86.7,-2.784,39.7,-4.484,44.1,239.36,2219.513
2023-10-12,12Z,SELECTED,17.0,26.5,91.6,-2.168,38.6,-5.857,45.2,234.137,2458.827
2023-10-13,12Z,SELECTED,0.0,26.1,90.5,-1.888,34.1,-4.469,42.4,234.391,2437.625
2023-10-14,12Z,SELECTED,0.0,26.6,88.7,-0.889,31.4,-5.52,43.3,215.57,2761.309
2023-10-15,12Z,SELECTED,12.0,26.7,88.6,-0.902,36.8,-5.198,42.8,227.132,2765.598
2023-10-16,12Z,SELECTED,6.0,26.7,89.3,-4.467,38.3,-4.79,44.4,243.73,2156.143
2023-10-17,12Z,SELECTED,3.5,26.5,87.8,-2.763,26.9,-3.974,42.6,229.27,1848.572
2023-10-18,12Z,SELECTED,0.0,26.5,86.2,-1.871,29.7,-5.534,46.8,244.447,2329.089
2023-10-19,12Z,SELECTED,2.0,26.3,91.5,-7.354,39.4,-3.855,43.1,233.901,2482.593
2023-10-20,12Z,SELECTED,4.3,26.6,88.1,-4.945,39.3,-5.155,44.0,234.332,2748.981
2023-10-21,12Z,SELECTED,13.0,26.3,89.7,-17.207,38.5,-5.582,45.5,221.588,2829.327
2023-10-22,12Z,SELECTED,2.1,26.6,91.0,-7.919,35.5,-5.323,45.2,235.76,2764.974
2023-10-23,12Z,SELECTED,13.4,26.6,91.0,-0.169,38.2,-6.476,45.0,234.137,3664.124
2023-10-24,12Z,SELECTED,42.1,26.6,88.8,0.0,37.5,-4.847,44.1,220.025,665.335
2023-10-25,12Z,SELECTED,13.5,25.9,89.1,-0.209,36.5,-5.274,44.6,210.796,2366.623
2023-10-26,12Z,SELECTED,4.1,26.7,88.5,-11.792,38.0,-4.065,42.1,234.163,935.691
2023-10-27,12Z,SELECTED,13.0,26.4,87.7,-8.114,18.5,-5.678,43.8,227.184,2778.834
2023-10-28,12Z,SELECTED,0.0,27.0,87.0,-3.058,37.0,-5.599,43.6,233.412,3015.38
2023-10-29,12Z,SELECTED,0.2,27.3,88.5,-2.134,37.6,-4.949,44.1,237.476,2552.541
2023-10-30,00Z,SELECTED,0.8,26.7,91.7,-11.285,36.1,-4.182,42.8,208.911,1650.221
2023-10-31,12Z,SELECTED,1.7,26.0,90.3,-2.795,37.6,-4.886,44.0,225.711,2261.718
2023-11-01,12Z,SELECTED,3.1,26.2,90.6,-0.448,42.9,-7.839,49.7,257.501,3284.83
2023-11-02,12Z,SELECTED,32.1,25.9,91.4,-5.921,34.9,-4.369,42.6,234.653,2247.043
2023-11-03,12Z,SELECTED,9.0,26.8,86.3,-26.246,37.7,-4.585,44.7,240.07,1983.66
2023-11-04,12Z,SELECTED,2.0,26.8,89.1,-4.18,40.9,-6.744,47.5,235.016,2674.263
2023-11-05,12Z,SELECTED,22.0,26.3,89.1,-2.503,40.8,-6.762,46.2,243.019,3576.289
2023-11-06,12Z,SELECTED,2.5,27.1,88.1,-13.239,36.8,-4.679,43.0,216.829,2694.223
2023-11-07,12Z,SELECTED,9.0,26.7,89.8,-29.865,36.2,-3.355,44.4,235.677,910.94
2023-11-08,12Z,SELECTED,10.0,26.4,88.9,-7.1,33.4,-5.896,42.5,196.414,2721.199
2023-11-09,12Z,SELECTED,17.0,26.6,92.2,-5.939,40.6,-5.52,48.1,224.563,1157.279
2023-11-10,12Z,SELECTED,3.4,26.4,87.2,-4.252,38.0,-5.405,43.5,216.99,2822.538
2023-11-11,12Z,SELECTED,0.0,27.3,88.8,-4.534,33.3,-4.17,39.5,208.16,2749.236
2023-11-12,12Z,SELECTED,0.0,26.6,88.6,-8.578,33.7,-5.308,44.8,219.686,2521.875
2023-11-13,12Z,SELECTED,2.0,27.3,89.3,-6.11,37.7,-5.255,44.4,241.591,2385.752
2023-11-14,12Z,SELECTED,17.8,26.6,91.6,-7.838,37.9,-4.855,44.3,218.216,2129.154
2023-11-15,12Z,SELECTED,6.2,26.7,88.5,-16.703,38.4,-3.826,42.1,242.133,1880.522
2023-11-16,12Z,SELECTED,2.4,27.0,89.0,-6.151,36.9,-5.488,43.1,214.844,2887.543
2023-11-17,12Z,SELECTED,0.0,27.5,89.0,-4.92,36.4,-5.825,44.9,230.934,2770.205
2023-11-18,12Z,SELECTED,0.0,26.9,91.2,-2.898,37.7,-5.165,44.4,251.191,2519.941
2023-11-19,12Z,SELECTED,0.0,27.3,90.0,-10.291,39.6,-7.665,48.5,245.445,3114.943
2023-11-20,12Z,SELECTED,0.0,27.2,90.2,-26.134,29.1,-1.529,37.4,226.219,1546.593
2023-11-21,12Z,SELECTED,0.0,26.7,90.3,-5.095,18.9,-3.221,40.4,205.988,1422.009
2023-11-22,12Z,SELECTED,0.0,26.5,90.0,-33.218,20.3,-4.834,41.8,166.683,1932.277
2023-11-23,12Z,SELECTED,0.0,27.2,87.6,-15.87,16.3,-4.525,43.0,179.088,1722.269
2023-11-24,12Z,SELECTED,2.5,27.5,87.6,-3.872,34.7,-5.028,42.7,220.616,2670.259
2023-11-25,12Z,SELECTED,9.0,26.9,87.0,-18.734,34.3,-4.835,44.6,229.33,1715.052
2023-11-26,12Z,SELECTED,0.9,27.1,88.1,-10.29,32.1,-4.348,42.2,223.565,2284.09
2023-11-27,12Z,SELECTED,0.2,27.6,85.2,-19.572,21.7,-4.414,40.6,188.934,2436.1
2023-11-28,12Z,SELECTED,0.0,27.2,86.1,-2.005,30.9,-4.861,44.2,234.391,2706.695
2023-11-29,12Z,SELECTED,0.0,27.7,85.6,-5.812,30.1,-5.405,45.2,230.908,2547.876
2023-11-30,12Z,SELECTED,0.6,26.8,90.8,-5.142,37.7,-4.696,44.2,212.283,1752.82
2023-12-01,12Z,SELECTED,29.0,26.9,94.0,-14.371,,,,,393.354
2023-12-02,12Z,SELECTED,3.0,26.6,89.8,-7.452,37.9,-5.033,42.3,222.619,2652.962
2023-12-03,12Z,SELECTED,0.5,27.1,88.8,-3.076,33.2,-5.813,42.9,202.134,2740.127
2023-12-04,12Z,SELECTED,1.0,26.9,87.3,-3.901,27.6,-5.733,43.1,191.308,2987.542
2023-12-05,12Z,SELECTED,4.0,27.5,89.5,0.0,39.7,-6.168,45.1,239.165,3423.622
2023-12-06,12Z,SELECTED,20.3,26.1,90.2,-14.265,36.6,-5.573,45.6,195.947,2752.443
2023-12-07,12Z,SELECTED,3.0,27.6,85.2,-6.285,38.2,-5.028,43.7,229.296,2251.131
2023-12-08,12Z,SELECTED,0.5,26.9,85.6,0.0,36.1,-4.857,45.2,226.632,2486.078
2023-12-09,12Z,SELECTED,0.0,27.6,85.4,-0.172,38.2,-4.903,45.0,218.25,2090.309
2023-12-10,12Z,SELECTED,2.0,27.2,84.1,-17.824,35.7,-4.101,43.5,202.59,1500.368
2023-12-11,12Z,SELECTED,0.0,27.8,81.0,-13.006,34.8,-4.022,40.5,198.306,1930.683
2023-12-12,12Z,SELECTED,0.0,27.8,85.1,-12.864,35.6,-4.086,42.2,217.532,1654.693
2023-12-13,12Z,SELECTED,0.0,27.3,81.1,0.0,35.7,-5.181,44.6,233.106,2327.427
2023-12-14,12Z,SELECTED,35.0,26.9,86.9,-40.826,34.8,-3.289,43.8,209.57,393.321
2023-12-15,12Z,SELECTED,0.0,27.1,83.4,-28.745,35.3,-2.698,44.2,211.97,730.067
2023-12-16,12Z,SELECTED,0.0,27.8,83.4,-0.551,28.1,-4.532,43.8,232.844,2139.45
2023-12-17,12Z,SELECTED,0.0,28.0,83.4,-0.347,35.0,-4.312,43.1,230.486,2309.786
2023-12-18,12Z,SELECTED,17.3,26.5,89.3,-4.886,,,,,239.809
2023-12-19,12Z,SELECTED,2.2,27.1,85.5,0.0,38.5,-5.06,45.2,233.562,2201.022
2023-12-20,12Z,SELECTED,0.0,27.7,84.3,-0.089,35.9,-3.932,43.3,237.476,1675.147
2023-12-21,12Z,SELECTED,19.6,27.4,86.7,-4.671,35.9,-5.546,43.6,189.914,2157.637
2023-12-22,12Z,SELECTED,0.0,27.7,85.5,-0.025,36.5,-4.38,42.6,234.451,2115.371
2023-12-23,12Z,SELECTED,0.0,27.6,82.7,-6.212,36.3,-4.817,44.4,235.506,1992.281
2023-12-24,12Z,SELECTED,0.0,27.6,85.0,0.0,40.3,-7.074,46.2,237.24,2628.18
2023-12-25,12Z,SELECTED,0.0,27.2,86.7,0.0,38.3,-4.635,42.8,226.624,2742.879
2023-12-26,12Z,SELECTED,11.4,27.5,85.2,-19.508,35.7,-5.508,44.6,225.906,2813.148
2023-12-27,12Z,SELECTED,0.0,28.4,82.9,-14.735,37.0,-3.886,42.0,238.473,2271.141
2023-12-28,12Z,SELECTED,0.0,28.2,81.9,-10.735,39.7,-5.283,44.5,247.33,2610.167
2023-12-29,12Z,SELECTED,0.0,27.6,85.4,-47.835,40.5,-2.682,44.8,241.083,870.077
2023-12-30,12Z,SELECTED,13.7,27.1,87.0,0.0,36.1,-5.72,43.6,245.868,3004.531
2023-12-31,12Z,SELECTED,34.0,28.0,85.5,0.0,40.6,-4.713,43.9,257.901,1293.152
2024-01-01,12Z,SELECTED,74.5,26.8,88.1,-10.985,39.9,-5.561,46.2,252.358,2755.334
2024-01-02,12Z,SELECTED,80.0,27.7,87.7,-18.594,40.0,-3.15,43.6,245.225,1275.599
2024-01-03,12Z,SELECTED,12.8,26.5,88.2,-8.499,38.1,-3.776,43.2,227.588,1398.516
2024-01-04,12Z,SELECTED,0.0,27.1,84.4,-4.761,35.9,-5.627,45.0,222.078,3048.438
2024-01-05,12Z,SELECTED,38.0,27.6,87.9,-51.146,38.2,-2.94,43.7,245.699,1331.618
2024-01-06,12Z,SELECTED,74.8,25.6,93.4,-63.451,37.7,-0.271,41.6,234.249,58.027
2024-01-07,12Z,SELECTED,1.0,26.1,85.2,-18.958,36.3,-4.309,44.5,236.242,2110.671
2024-01-08,12Z,SELECTED,0.0,27.8,81.6,-4.736,35.2,-4.665,41.9,220.017,2532.95
2024-01-09,12Z,SELECTED,22.8,27.4,86.6,-52.628,40.0,-2.78,44.1,250.507,1157.128
2024-01-10,12Z,SELECTED,65.2,26.3,91.7,-17.52,40.7,-4.689,46.4,246.249,1315.101
2024-01-11,12Z,SELECTED,9.0,26.4,89.2,-5.798,39.6,-4.685,44.3,252.189,2295.842
2024-01-12,12Z,SELECTED,24.0,27.1,86.9,-54.4,39.2,-2.422,43.5,232.93,559.963
2024-01-13,12Z,SELECTED,10.0,26.9,86.3,-4.184,38.7,-6.323,45.6,208.65,3152.225
2024-01-14,12Z,SELECTED,0.0,27.6,84.4,-0.591,37.9,-5.069,44.9,233.445,2270.563
2024-01-15,12Z,SELECTED,4.0,27.9,85.9,-40.763,38.1,-3.065,43.6,221.368,1226.708
2024-01-16,12Z,SELECTED,1.0,27.6,84.3,0.0,37.3,-6.979,45.7,252.181,3761.622
2024-01-17,12Z,SELECTED,7.5,27.1,90.3,-49.803,36.9,-4.51,43.5,216.332,2545.499
2024-01-18,12Z,SELECTED,22.5,27.2,88.6,-55.501,36.2,-2.473,43.7,240.899,811.705
2024-01-19,12Z,SELECTED,31.0,26.5,87.7,-11.579,39.5,-3.472,43.6,243.019,1799.575
2024-01-20,12Z,SELECTED,45.2,26.8,86.5,-96.492,35.6,-3.692,44.4,177.196,1104.56
2024-01-21,12Z,SELECTED,0.0,28.6,76.9,-2.505,34.3,-3.446,42.4,242.563,1840.096
2024-01-22,12Z,SELECTED,1.0,27.7,83.7,-25.525,36.1,-4.879,44.3,217.565,2121.123
2024-01-23,12Z,SELECTED,0.0,27.9,80.0,-4.096,39.3,-6.135,46.7,238.388,2863.739
2024-01-24,12Z,SELECTED,0.0,28.5,81.6,-22.667,32.6,-7.236,45.9,216.645,3185.244
2024-01-25,12Z,SELECTED,0.0,28.8,79.8,-1.524,31.1,-5.919,44.2,222.137,2831.748
2024-01-26,12Z,SELECTED,0.0,29.0,80.6,-9.972,31.4,-4.994,44.3,224.25,1350.972
2024-01-27,12Z,SELECTED,0.0,28.2,83.6,0.0,38.5,-6.669,45.0,238.017,3504.969
2024-01-28,12Z,SELECTED,31.0,28.1,84.5,0.0,,,,,0.0
2024-01-29,12Z,SELECTED,5.2,27.3,83.2,-2.702,28.4,-4.697,41.7,220.017,2425.089
2024-01-30,12Z,SELECTED,0.0,28.5,81.4,-1.595,28.1,-6.475,44.4,215.842,3021.444
2024-01-31,12Z,SELECTED,0.0,28.4,81.6,-1.712,29.8,-5.915,42.7,215.673,2866.856
2024-02-01,12Z,SELECTED,0.0,28.2,83.2,-64.232,39.0,-2.963,44.8,228.06,1274.983
2024-02-02,12Z,SELECTED,4.8,27.0,88.9,-5.616,40.6,-4.718,46.0,226.362,1526.064
2024-02-03,12Z,SELECTED,10.0,26.1,91.5,-10.058,37.1,-3.366,43.3,220.212,1252.612
2024-02-04,12Z,SELECTED,1.0,27.1,82.0,-8.51,35.7,-6.496,43.4,175.304,2936.136
2024-02-05,12Z,SELECTED,0.0,28.1,80.6,0.0,36.8,-7.912,46.3,219.704,3599.825
2024-02-06,12Z,SELECTED,0.0,28.6,81.0,-0.121,42.1,-6.1,46.8,253.786,3011.516
2024-02-07,12Z,SELECTED,0.0,28.9,80.2,-1.511,30.7,-5.598,43.8,228.104,3047.859
2024-02-08,12Z,SELECTED,6.0,28.5,83.2,0.0,36.5,-7.246,43.9,202.844,3564.518
2024-02-09,12Z,SELECTED,35.8,27.9,87.6,-0.544,36.8,-6.653,45.3,218.022,3437.196
2024-02-10,12Z,SELECTED,42.0,26.2,90.5,-90.828,36.4,-1.974,42.7,227.987,481.541
2024-02-11,12Z,SELECTED,1.0,26.7,82.1,-122.178,35.4,-0.35,41.4,202.937,89.912
2024-02-12,12Z,SELECTED,0.0,28.7,74.3,-6.293,32.5,-5.989,43.2,209.629,3165.661
2024-02-13,12Z,SELECTED,0.0,29.3,75.0,-5.27,34.0,-7.879,45.9,245.303,3812.898
2024-02-14,12Z,SELECTED,0.0,29.2,79.4,-4.798,37.4,-4.879,42.0,260.185,3309.183
2024-02-15,12Z,SELECTED,21.0,28.3,85.4,-173.311,37.3,-0.732,42.0,247.304,390.586
2024-02-16,12Z,SELECTED,9.0,28.2,84.6,-5.115,36.8,-6.231,43.1,240.189,3364.841
2024-02-17,12Z,SELECTED,29.0,28.3,83.1,0.0,35.7,-7.885,45.6,220.447,3531.595
2024-02-18,12Z,SELECTED,0.0,29.2,79.6,-3.487,33.8,-5.452,45.1,239.114,2615.76
2024-02-19,12Z,SELECTED,3.0,28.2,86.4,-4.405,42.3,-6.972,48.3,261.333,2636.228
2024-02-20,12Z,SELECTED,35.4,27.2,90.3,-13.14,39.4,-5.629,44.3,248.563,2553.557
2024-02-21,12Z,SELECTED,94.0,27.0,84.2,-69.232,34.1,-1.126,39.0,186.078,528.436
2024-02-22,12Z,SELECTED,0.0,28.2,80.6,-10.374,38.0,-6.945,47.2,228.06,3072.394
2024-02-23,12Z,SELECTED,0.8,28.6,80.2,-9.378,37.2,-5.635,42.3,211.734,2500.572
2024-02-24,12Z,SELECTED,6.0,28.0,84.7,-10.294,35.1,-4.936,43.2,223.625,2254.005
2024-02-25,12Z,SELECTED,15.0,27.0,85.4,-79.254,33.7,-6.29,44.6,191.85,3218.751
2024-02-26,12Z,SELECTED,0.0,28.8,80.1,-37.791,29.5,-5.024,41.8,213.105,2425.361
2024-02-27,12Z,SELECTED,6.0,28.6,82.3,-7.663,39.8,-7.701,43.7,239.614,4536.771
2024-02-28,12Z,SELECTED,0.0,29.0,79.6,-35.016,39.3,-5.277,44.1,238.043,2062.559
2024-02-29,12Z,SELECTED,6.0,28.6,82.7,-13.295,34.0,-6.189,41.5,246.671,4154.957
2024-03-01,12Z,SELECTED,21.0,27.8,87.9,-99.097,40.5,-2.78,44.6,256.245,1422.851
2024-03-02,12Z,SELECTED,11.0,27.2,86.8,-170.53,40.2,-3.42,40.8,298.637,896.284
2024-03-03,12Z,SELECTED,25.0,27.7,88.7,-116.142,38.0,-0.829,42.4,239.557,218.95
2024-03-04,12Z,SELECTED,6.2,26.9,88.8,-2.861,41.1,-6.467,46.0,243.019,3213.307
2024-03-05,12Z,SELECTED,35.4,26.1,92.9,-20.331,39.2,-3.025,43.1,246.873,1226.754
2024-03-06,12Z,SELECTED,9.5,27.6,84.2,-3.383,37.0,-5.393,42.3,209.393,2850.479
2024-03-07,12Z,SELECTED,37.0,27.0,90.9,0.0,35.3,-2.902,40.1,243.299,1534.248
2024-03-08,12Z,SELECTED,355.3,25.3,92.6,-12.763,31.7,-3.522,41.2,226.466,1487.808
2024-03-09,12Z,SELECTED,3.2,26.1,89.7,-4.87,36.4,-3.84,43.4,253.905,1941.648
2024-03-10,12Z,SELECTED,6.1,27.1,87.2,-5.944,39.6,-5.907,46.5,238.455,2655.623
2024-03-11,12Z,SELECTED,0.0,27.8,82.3,-24.83,36.5,-2.609,41.4,212.478,1150.475
2024-03-12,12Z,SELECTED,1.0,27.5,82.1,-120.109,25.3,-3.361,41.4,188.185,669.527
2024-03-13,12Z,SELECTED,0.0,27.3,73.1,-102.91,6.3,-4.472,33.6,96.013,1720.907
2024-03-14,12Z,SELECTED,0.0,27.3,76.5,-100.464,35.7,-2.941,43.8,201.965,821.109
2024-03-15,12Z,SELECTED,0.0,27.9,79.0,-23.154,37.5,-4.279,43.9,209.603,2132.991
2024-03-16,12Z,SELECTED,0.0,27.9,80.1,-58.237,31.6,-2.749,36.2,151.625,1195.332
2024-03-17,12Z,SELECTED,0.0,28.1,76.1,-14.218,26.0,-5.426,45.1,236.825,2234.998
2024-03-18,12Z,SELECTED,0.0,28.2,81.3,-0.279,35.7,-5.481,43.2,233.629,2919.748
2024-03-19,00Z,SELECTED,0.0,28.9,79.3,-73.61,37.3,-3.803,45.0,235.109,1204.956
2024-03-20,12Z,SELECTED,0.0,28.6,77.2,-5.369,35.6,-4.555,42.0,213.053,1963.161
2024-03-21,12Z,SELECTED,0.0,28.5,78.2,-26.33,32.6,-4.487,46.1,227.824,1359.089
2024-03-22,12Z,SELECTED,0.0,28.8,77.3,-0.585,32.5,-5.446,45.4,235.768,2201.008
2024-03-23,12Z,SELECTED,0.0,29.3,81.3,0.0,39.5,-5.743,44.9,255.763,2839.243
2024-03-24,12Z,SELECTED,1.4,28.1,87.2,-6.939,39.0,-5.58,46.0,245.868,2390.946
2024-03-25,12Z,SELECTED,46.0,28.1,87.3,-18.49,39.2,-2.208,41.9,259.905,1753.161
2024-03-26,12Z,SELECTED,3.0,27.8,87.7,-54.119,34.8,-3.328,42.7,238.186,1591.753
2024-03-27,12Z,SELECTED,1.2,28.3,85.1,0.0,35.7,-6.988,46.2,235.558,3348.541
2024-03-28,12Z,SELECTED,0.0,28.5,85.4,-2.747,37.1,-5.992,44.9,236.765,3111.848
2024-03-29,12Z,SELECTED,0.0,28.4,84.3,-0.187,39.7,-7.575,46.1,247.524,4240.227
2024-03-30,12Z,SELECTED,1.0,28.3,84.7,0.0,42.4,-7.676,47.8,244.904,3469.755
2024-03-31,12Z,SELECTED,2.1,27.9,85.9,0.0,32.4,-6.143,43.3,247.381,3063.529
2024-04-01,12Z,SELECTED,68.0,27.5,91.3,-0.461,41.6,-6.587,46.3,240.137,3034.811
2024-04-02,12Z,SELECTED,149.0,27.4,87.8,-56.156,40.7,-4.311,45.9,245.132,1396.83
2024-04-03,12Z,SELECTED,7.0,28.0,84.7,-3.598,41.6,-6.391,46.0,231.686,2956.072
2024-04-04,12Z,SELECTED,0.0,28.4,83.1,-0.473,37.9,-7.306,46.3,247.322,3330.7
2024-04-05,12Z,SELECTED,34.5,28.0,87.4,-31.132,41.4,-3.51,45.6,261.494,1129.745
2024-04-06,12Z,SELECTED,9.5,27.5,85.1,0.0,40.1,-5.494,43.2,244.911,3204.002
2024-04-07,12Z,SELECTED,3.3,28.4,83.9,-3.65,38.9,-5.891,43.6,238.735,3007.81
2024-04-08,12Z,SELECTED,4.2,28.4,83.4,0.0,36.6,-6.44,43.6,241.449,2977.925
2024-04-09,12Z,SELECTED,2.0,28.2,81.1,-4.885,40.2,-5.675,44.7,233.334,2341.184
2024-04-10,12Z,SELECTED,44.0,27.3,87.3,-32.112,37.4,-4.58,44.6,207.88,1923.906
2024-04-11,12Z,SELECTED,2.5,27.9,81.5,0.0,34.4,-7.45,44.9,241.812,3545.659
2024-04-12,12Z,SELECTED,0.0,29.1,82.2,-19.435,38.9,-3.447,42.9,242.081,1596.311
2024-04-13,12Z,SELECTED,3.5,28.0,85.1,-27.265,36.4,-3.435,43.5,230.426,1667.492
2024-04-14,12Z,SELECTED,3.0,27.8,85.5,-20.605,40.9,-4.83,45.5,239.114,2017.639
2024-04-15,12Z,SELECTED,0.0,29.6,79.9,0.0,38.5,-5.353,44.3,242.747,3197.333
2024-04-16,12Z,SELECTED,3.3,28.3,87.5,-15.18,38.3,-4.605,42.2,228.814,1933.419
2024-04-17,12Z,SELECTED,42.5,27.3,85.3,-8.802,34.9,-5.61,44.4,215.401,2912.464
2024-04-18,12Z,SELECTED,12.2,27.3,90.2,-36.528,37.0,-5.115,44.0,225.45,2018.474
2024-04-19,12Z,SELECTED,0.0,28.2,82.1,-28.151,33.4,-4.0,41.0,190.37,1978.023
2024-04-20,12Z,SELECTED,4.7,27.0,89.6,-10.572,35.2,-5.925,42.5,233.497,2842.658
2024-04-21,12Z,SELECTED,0.3,28.0,83.4,-8.804,37.3,-4.657,43.0,242.563,2380.707
2024-04-22,12Z,SELECTED,1.6,29.1,84.0,-0.243,40.5,-6.025,45.3,244.227,2783.197
2024-04-23,12Z,SELECTED,12.0,27.8,86.7,-6.58,35.2,-6.156,43.4,227.191,3163.682
2024-04-24,12Z,SELECTED,0.0,28.3,83.7,0.0,35.5,-5.882,44.2,245.562,3523.74
2024-04-25,12Z,SELECTED,61.0,27.4,91.6,-9.503,37.2,-4.095,43.3,243.247,1620.669
2024-04-26,12Z,SELECTED,0.0,27.4,85.7,0.0,40.5,-5.553,45.1,248.706,2813.203
2024-04-27,12Z,SELECTED,26.9,27.7,87.6,-18.076,41.3,-4.311,45.3,242.283,1495.402
2024-04-28,12Z,SELECTED,3.8,28.1,85.0,-124.258,37.3,-6.635,45.0,221.075,3696.864
2024-04-29,12Z,SELECTED,89.7,29.6,85.3,0.0,43.1,-9.396,48.8,267.781,4466.287
2024-04-30,12Z,SELECTED,2.3,29.0,86.7,-0.083,39.1,-6.198,44.3,252.593,3232.264
2024-05-01,12Z,SELECTED,83.0,27.3,86.9,-6.118,35.8,-6.334,44.1,236.047,3441.07
2024-05-02,12Z,SELECTED,2.2,28.4,87.8,-9.996,38.6,-5.297,43.5,239.114,2482.902
2024-05-03,12Z,SELECTED,0.0,28.0,86.9,-65.631,39.0,-3.354,43.4,223.506,1114.654
2024-05-04,12Z,SELECTED,54.0,27.1,87.7,-66.631,31.5,-5.714,43.6,206.361,2289.565
2024-05-05,12Z,SELECTED,9.0,27.9,87.8,-10.639,36.5,-5.05,43.6,257.673,2737.516
2024-05-06,12Z,SELECTED,1.0,28.4,84.8,-60.181,39.6,-5.203,47.7,228.086,1194.28
2024-05-07,12Z,SELECTED,14.3,27.3,88.3,-80.81,35.9,-1.912,43.0,227.199,346.098
2024-05-08,12Z,SELECTED,0.9,27.7,81.8,-7.911,33.8,-4.331,41.2,196.134,1940.663
2024-05-09,12Z,SELECTED,0.0,28.6,81.8,0.0,38.9,-5.349,43.3,232.168,3149.311
2024-05-10,12Z,SELECTED,3.0,28.2,84.8,-33.4,37.1,-3.98,43.2,215.08,1833.054
2024-05-11,12Z,SELECTED,90.8,27.8,86.8,-90.453,,,,,81.8
2024-05-12,12Z,SELECTED,49.9,27.4,87.6,-46.171,38.8,-4.58,43.2,245.666,2151.073
2024-05-13,12Z,SELECTED,44.5,27.7,84.2,-195.375,38.2,-1.447,44.1,230.68,196.973
2024-05-14,12Z,SELECTED,0.7,28.3,83.2,0.0,37.1,-5.747,44.6,230.714,2897.599
2024-05-15,12Z,SELECTED,13.0,28.0,86.6,-20.104,36.0,-5.239,42.5,238.59,3241.108
2024-05-16,12Z,SELECTED,20.0,28.2,86.6,-60.216,39.1,-2.581,43.4,229.48,644.518
2024-05-17,MISSING,NO_SOUNDING,1.4,27.6,86.9,,,,,,
2024-05-18,12Z,SELECTED,3.0,28.1,87.5,-76.584,,,,,185.854
2024-05-19,12Z,SELECTED,1.0,27.6,82.8,-23.807,37.3,-3.549,44.4,257.106,1506.978
2024-05-20,12Z,SELECTED,23.0,28.5,87.2,-37.648,39.8,-3.801,44.4,231.686,1213.322
2024-05-21,12Z,SELECTED,6.3,27.5,88.0,-17.505,38.0,-4.661,42.9,234.111,2163.381
2024-05-22,12Z,SELECTED,84.2,26.7,90.2,-8.941,37.3,-1.855,40.7,252.697,477.683
2024-05-23,12Z,SELECTED,7.0,27.1,82.9,-32.459,30.5,-5.251,42.6,210.391,2217.407
2024-05-24,12Z,SELECTED,0.0,28.8,83.5,-16.958,33.4,-6.525,45.1,249.647,3181.045
2024-05-25,12Z,SELECTED,0.0,28.8,81.6,-16.487,30.2,-6.977,46.1,258.723,3107.575
2024-05-26,12Z,SELECTED,0.0,28.9,84.1,-14.202,32.1,-7.62,44.8,231.924,3751.22
2024-05-27,12Z,SELECTED,1.0,29.3,84.5,-20.318,40.5,-7.931,48.5,256.025,3850.088
2024-05-28,12Z,SELECTED,0.0,29.2,83.2,-49.384,35.7,-5.483,45.0,246.586,3178.614
2024-05-29,12Z,SELECTED,5.0,28.9,86.8,-43.372,39.1,-5.842,46.6,237.906,1910.002
2024-05-30,12Z,SELECTED,39.0,27.6,84.4,-0.0,34.3,-6.256,44.0,218.19,2780.491
2024-05-31,12Z,SELECTED,111.0,27.8,87.8,-8.277,40.3,-3.083,45.2,252.155,543.882
2024-06-01,12Z,SELECTED,44.0,26.6,84.7,-29.799,26.6,-5.279,46.1,237.019,2104.451
2024-06-02,12Z,SELECTED,14.8,27.6,86.5,-89.673,36.8,-2.606,43.2,230.563,993.686
2024-06-03,12Z,SELECTED,0.2,27.5,81.7,0.0,38.7,-6.664,46.1,248.361,3035.742
2024-06-04,12Z,SELECTED,19.1,28.0,87.5,-0.261,41.1,-4.099,44.4,260.791,511.394
2024-06-05,12Z,SELECTED,0.5,28.0,84.3,-0.182,34.7,-5.52,41.7,205.252,3359.3
2024-06-06,12Z,SELECTED,28.0,27.7,86.8,-28.47,38.5,-3.452,43.9,239.412,664.354
2024-06-07,12Z,SELECTED,1.0,26.7,84.4,-12.466,26.3,-4.71,44.8,237.906,2006.566
2024-06-08,12Z,SELECTED,0.0,28.7,83.6,-4.046,36.2,-6.689,42.7,212.107,3001.01
2024-06-09,12Z,SELECTED,0.0,28.3,81.6,-26.06,29.9,-5.733,42.0,201.958,2508.709
2024-06-10,12Z,SELECTED,0.0,28.3,81.2,-53.933,33.0,-4.73,44.7,229.244,2375.047
2024-06-11,12Z,SELECTED,0.9,28.1,86.4,-19.034,33.7,-5.724,43.3,203.427,2534.537
2024-06-12,12Z,SELECTED,19.6,27.0,87.3,-1.7,39.5,-3.737,43.6,238.025,1715.215
2024-06-13,12Z,SELECTED,35.4,26.7,86.5,-113.848,38.8,-4.773,49.5,237.368,969.395
2024-06-14,12Z,SELECTED,4.0,27.2,87.0,0.0,39.8,-6.545,46.3,264.645,1517.09
2024-06-15,12Z,SELECTED,99.0,27.0,83.8,-39.417,33.6,-5.777,44.7,197.857,2245.355
2024-06-16,12Z,SELECTED,0.0,27.7,83.8,-0.074,35.9,-6.078,42.6,205.532,3272.654
2024-06-17,12Z,SELECTED,14.5,27.5,81.3,-58.559,32.6,-3.901,44.3,229.498,1180.866
2024-06-18,12Z,SELECTED,0.0,27.7,78.9,-13.502,35.6,-5.901,43.8,195.483,2513.784
2024-06-19,12Z,SELECTED,2.0,27.7,81.3,-17.805,34.0,-4.112,43.1,232.624,2391.45
2024-06-20,12Z,SELECTED,63.0,27.4,85.2,-48.301,32.3,-2.107,43.2,241.068,595.387
2024-06-21,12Z,SELECTED,20.6,25.5,91.8,-24.396,36.4,-1.666,41.6,241.501,465.791
2024-06-22,12Z,SELECTED,7.0,26.0,84.5,-56.949,35.5,-3.634,42.0,169.988,1187.879
2024-06-23,12Z,SELECTED,0.0,27.5,78.5,-21.247,35.4,-4.652,44.7,234.104,1964.407
2024-06-24,12Z,SELECTED,0.0,27.9,80.7,-1.314,37.1,-6.547,46.2,231.932,3094.5
2024-06-25,12Z,SELECTED,0.0,28.6,80.4,-26.886,34.5,-7.548,49.2,238.391,2970.823
2024-06-26,12Z,SELECTED,0.0,28.9,81.7,0.0,42.6,-9.977,49.9,271.094,4385.039
2024-06-27,12Z,SELECTED,8.0,28.4,86.0,-0.074,,,,,521.566
2024-06-28,12Z,SELECTED,5.0,27.4,85.0,-32.009,37.8,-4.558,44.8,232.193,2098.175
2024-06-29,12Z,SELECTED,4.0,26.9,87.2,0.0,39.3,-6.494,47.7,245.505,2439.42
2024-06-30,12Z,SELECTED,0.0,27.3,83.3,-22.285,32.9,-7.573,44.8,183.019,3298.307
2024-07-01,12Z,SELECTED,0.0,28.2,81.9,-58.669,15.8,-3.995,43.3,206.335,1845.616
2024-07-02,12Z,SELECTED,6.0,27.9,83.6,-10.47,36.3,-6.193,44.4,217.286,3431.484
2024-07-03,12Z,SELECTED,2.0,28.0,81.4,-19.512,24.1,-7.288,43.6,146.46,3226.801
2024-07-04,12Z,SELECTED,0.0,28.5,78.7,-14.819,32.8,-5.388,45.1,231.906,2794.255
2024-07-05,12Z,SELECTED,4.0,28.5,78.1,-99.705,36.8,-3.179,47.2,235.109,520.192
2024-07-06,12Z,SELECTED,3.5,27.1,84.2,-2.754,32.5,-5.893,41.0,185.935,2959.395
2024-07-07,12Z,SELECTED,1.0,28.0,76.8,-2.946,35.5,-4.208,41.1,215.419,2460.127
2024-07-08,12Z,SELECTED,8.9,27.4,79.2,-92.07,31.5,-4.94,42.2,176.791,2242.815
2024-07-09,12Z,SELECTED,0.0,27.6,80.6,-11.017,32.9,-6.402,43.6,200.276,3437.157
2024-07-10,12Z,SELECTED,6.5,27.1,83.0,-25.92,37.0,-5.308,43.8,213.351,2158.941
2024-07-11,12Z,SELECTED,3.0,27.2,82.4,-22.281,35.4,-4.32,44.8,230.675,1471.664
2024-07-12,12Z,SELECTED,0.0,27.2,78.9,-0.085,32.7,-4.693,43.0,204.314,2546.503
2024-07-13,12Z,SELECTED,12.0,28.1,80.6,-0.003,21.9,-7.311,44.2,191.79,3558.616
2024-07-14,12Z,SELECTED,2.0,27.8,81.0,-22.582,28.8,-0.517,39.1,200.452,194.811
2024-07-15,12Z,SELECTED,0.0,27.0,79.1,-20.158,32.3,-3.562,38.5,193.304,1929.774
2024-07-16,12Z,SELECTED,2.0,27.9,80.7,-21.97,31.0,-4.745,43.1,197.334,2184.604
2024-07-17,12Z,SELECTED,0.0,27.5,81.0,-0.411,36.0,-6.213,44.5,216.078,2755.057
2024-07-18,12Z,SELECTED,0.0,28.2,79.3,-14.835,25.8,-5.979,44.1,180.542,2145.071
2024-07-19,12Z,SELECTED,0.0,27.6,79.3,-31.167,34.5,-6.392,46.0,220.193,2944.066
2024-07-20,12Z,SELECTED,0.0,28.4,81.1,-14.76,30.1,-6.952,42.8,190.668,3448.488
2024-07-21,12Z,SELECTED,0.0,28.3,80.5,-33.771,24.3,-6.149,42.2,180.612,2796.032
2024-07-22,12Z,SELECTED,0.0,28.2,79.9,-9.245,31.5,-7.307,45.2,195.737,2983.062
2024-07-23,12Z,SELECTED,0.0,28.1,81.1,-14.578,29.2,-6.485,44.3,206.216,2764.635
2024-07-24,12Z,SELECTED,0.0,27.9,78.1,-0.301,22.9,-4.635,40.4,221.666,2612.31
2024-07-25,12Z,SELECTED,0.0,27.4,75.5,-107.869,13.5,-1.301,33.4,105.755,160.509
2024-07-26,12Z,SELECTED,0.0,26.8,78.3,-26.355,26.4,-4.584,40.9,201.476,2336.579
2024-07-27,12Z,SELECTED,0.0,27.2,80.0,-20.138,28.3,-6.175,42.8,179.655,2585.705
2024-07-28,12Z,SELECTED,0.0,27.7,80.6,-17.96,34.0,-6.463,44.9,204.137,2391.006
2024-07-29,12Z,SELECTED,0.0,27.8,80.1,-7.18,35.8,-5.356,42.8,210.451,2610.572
2024-07-30,12Z,SELECTED,0.0,28.0,81.4,0.0,32.2,-5.512,42.7,245.909,3701.956
2024-07-31,12Z,SELECTED,91.0,26.5,87.3,-196.529,32.8,-1.538,44.5,234.663,281.804
2024-08-01,12Z,SELECTED,34.0,26.7,85.9,0.0,40.9,-4.152,46.2,238.616,1837.336
2024-08-02,12Z,SELECTED,0.8,27.1,85.0,-125.057,37.6,-3.697,45.4,228.679,1751.628
2024-08-03,12Z,SELECTED,2.0,27.0,85.6,-18.86,35.3,-4.274,41.7,218.522,1864.051
2024-08-04,12Z,SELECTED,2.0,26.7,83.0,0.0,32.5,-4.102,40.3,209.251,1863.612
2024-08-05,12Z,SELECTED,21.0,27.4,81.9,-76.565,40.9,-6.065,49.7,245.501,990.269
2024-08-06,12Z,SELECTED,87.0,26.5,89.5,-41.176,37.3,-2.594,43.2,231.737,781.127
2024-08-07,12Z,SELECTED,5.0,26.7,86.1,-7.411,38.1,-4.507,43.0,251.759,2573.996
2024-08-08,12Z,SELECTED,0.6,27.8,82.6,-3.375,29.0,-6.486,45.1,247.449,3823.589
2024-08-09,12Z,SELECTED,7.0,28.0,84.5,-32.2,40.0,-4.293,45.0,255.527,2308.473
2024-08-10,12Z,SELECTED,52.0,27.0,89.3,-68.109,41.8,-4.377,49.6,257.217,628.479
2024-08-11,12Z,SELECTED,23.0,25.4,93.0,-49.585,32.5,-3.459,44.8,221.419,752.023
2024-08-12,12Z,SELECTED,0.0,26.3,83.7,-97.908,9.5,-5.445,42.4,147.678,2100.927
2024-08-13,12Z,SELECTED,0.0,27.5,83.6,-324.702,34.2,-0.302,42.2,209.471,20.642
2024-08-14,12Z,SELECTED,0.0,27.8,83.8,-59.517,35.6,-6.025,46.5,243.867,2242.65
2024-08-15,12Z,SELECTED,4.0,28.2,85.5,-79.546,40.2,-3.357,45.3,237.932,701.275
2024-08-16,12Z,SELECTED,30.0,26.7,86.1,-21.9,37.0,-4.81,44.5,204.542,2027.033
2024-08-17,12Z,SELECTED,0.0,27.7,83.9,-33.979,37.0,-4.65,44.3,230.791,2176.161
2024-08-18,12Z,SELECTED,1.8,27.7,84.9,-29.806,37.4,-5.332,45.9,254.073,2171.306
2024-08-19,12Z,SELECTED,54.0,27.0,89.4,-35.628,42.3,-6.584,51.7,298.279,1133.552
2024-08-20,12Z,SELECTED,96.0,25.6,87.3,-59.205,39.9,-4.335,46.1,238.297,1200.736
2024-08-21,12Z,SELECTED,0.0,27.2,84.7,-64.353,34.9,-5.625,44.4,218.413,2541.528
2024-08-22,12Z,SELECTED,19.0,27.3,89.5,-34.785,40.7,-4.877,46.4,260.903,1660.025
2024-08-23,12Z,SELECTED,20.3,25.6,89.4,-101.354,37.1,-1.891,43.7,216.391,244.199
2024-08-24,12Z,SELECTED,12.0,25.9,88.4,-43.974,36.6,-2.94,42.3,198.365,971.604
2024-08-25,12Z,SELECTED,0.0,26.6,83.2,-23.181,25.1,-3.789,44.8,222.018,1548.261
2024-08-26,12Z,SELECTED,0.0,27.4,82.6,-24.319,37.0,-4.497,44.1,221.132,2074.845
2024-08-27,12Z,SELECTED,86.5,25.2,90.6,-68.704,37.7,-4.353,47.3,219.605,193.543
2024-08-28,12Z,SELECTED,10.0,26.1,82.5,-80.076,36.1,-6.139,47.0,194.96,2165.8
2024-08-29,12Z,SELECTED,0.0,27.3,83.7,-20.622,31.7,-5.303,46.0,215.401,2371.09
2024-08-30,12Z,SELECTED,0.0,27.4,84.1,-23.191,24.1,-5.257,46.2,235.565,2329.787
2024-08-31,12Z,SELECTED,0.0,27.6,83.2,-42.263,27.0,-5.779,45.7,199.793,2100.095
2024-09-01,12Z,SELECTED,0.0,27.6,80.9,-36.394,28.5,-6.74,48.6,205.547,2320.532
2024-09-02,12Z,SELECTED,0.0,28.3,83.4,-26.774,29.4,-7.602,46.1,209.842,3316.644
2024-09-03,12Z,SELECTED,0.0,28.4,83.0,-15.705,28.3,-5.398,40.2,223.677,2945.573
2024-09-04,12Z,SELECTED,0.0,27.9,83.4,-34.529,36.7,-3.438,42.7,233.184,1178.575
2024-09-05,12Z,SELECTED,0.4,27.3,83.3,-34.538,34.9,-1.964,39.9,204.137,1063.757
2024-09-06,12Z,SELECTED,1.0,27.9,82.2,-19.038,38.7,-4.733,45.6,241.016,2007.157
2024-09-07,12Z,SELECTED,3.0,27.8,84.1,-16.723,38.1,-4.125,43.2,240.814,1891.255
2024-09-08,12Z,SELECTED,5.0,27.8,83.9,-38.167,41.4,-6.23,46.6,236.589,2829.525
2024-09-09,12Z,SELECTED,52.0,26.4,91.7,-29.898,37.4,-3.411,45.1,222.822,817.352
2024-09-10,12Z,SELECTED,1.4,26.4,87.6,-56.714,31.5,-4.69,42.6,167.393,1660.941
2024-09-11,12Z,SELECTED,0.0,27.2,84.3,-122.432,29.7,-1.274,40.8,219.789,312.476
2024-09-12,12Z,SELECTED,10.3,26.6,84.8,-39.068,33.0,-3.623,42.9,198.358,1272.268
2024-09-13,12Z,SELECTED,0.0,27.3,81.8,-20.852,34.4,-2.275,38.7,198.881,1329.237
2024-09-14,12Z,SELECTED,0.0,27.3,79.7,-19.529,30.7,-3.911,39.6,186.339,1842.958
2024-09-15,12Z,SELECTED,0.0,27.3,81.6,-37.591,34.7,-2.799,40.1,205.498,1043.334
2024-09-16,12Z,SELECTED,82.0,27.1,81.6,-45.145,31.9,-2.298,41.1,211.905,403.049
2024-09-17,12Z,SELECTED,58.0,25.5,89.9,-61.622,29.2,0.673,35.8,198.293,93.709
2024-09-18,12Z,SELECTED,2.0,25.8,85.0,-35.196,29.7,-1.084,35.0,189.815,623.753
2024-09-19,00Z,SELECTED,0.0,26.9,79.1,0.0,29.2,1.977,38.5,196.271,0.671
2024-09-20,12Z,SELECTED,0.8,26.8,82.9,-61.092,32.8,-1.247,37.6,221.277,735.493
2024-09-21,12Z,SELECTED,0.0,27.8,77.1,-120.957,27.3,-3.315,41.4,187.407,862.826
2024-09-22,12Z,SELECTED,0.0,27.9,78.0,-73.483,5.5,-3.767,39.0,180.933,1880.474
2024-09-23,12Z,SELECTED,0.0,27.8,81.3,-68.998,23.7,-4.334,38.4,118.937,1449.75
2024-09-24,12Z,SELECTED,0.0,28.5,80.0,-24.562,34.2,-5.338,45.9,224.511,2473.983
2024-09-25,12Z,SELECTED,0.0,28.5,80.5,-15.943,38.7,-6.555,47.9,237.737,2778.733
2024-09-26,12Z,SELECTED,0.5,27.7,79.9,-18.596,31.9,-6.85,45.4,182.452,2806.366
2024-09-27,12Z,SELECTED,0.0,29.0,79.9,-21.604,39.0,-6.397,46.9,244.616,3413.115
2024-09-28,12Z,SELECTED,25.0,27.4,86.1,-88.899,37.9,-4.029,46.7,225.476,1094.522
2024-09-29,12Z,SELECTED,65.0,26.3,90.8,-22.817,38.9,-2.601,44.6,242.817,719.542
2024-09-30,12Z,SELECTED,47.0,25.9,90.2,-42.667,37.6,-4.114,45.8,230.817,1357.665
2024-10-01,12Z,SELECTED,7.3,26.4,90.2,-50.333,40.5,-4.222,47.1,233.901,950.249
2024-10-02,12Z,SELECTED,8.0,26.8,86.8,-62.709,39.1,-3.656,44.2,221.681,1366.625
2024-10-03,12Z,SELECTED,10.0,27.0,87.8,-35.887,41.4,-5.331,48.4,235.558,1384.372
2024-10-04,12Z,SELECTED,111.0,26.1,91.2,-106.053,,,,,35.293
2024-10-05,12Z,SELECTED,53.7,25.8,88.8,-38.674,39.2,-3.719,45.4,216.373,655.605
2024-10-06,12Z,SELECTED,66.0,26.6,83.1,-64.619,37.7,-3.43,42.1,192.796,1512.144
2024-10-07,12Z,SELECTED,0.0,27.3,82.8,-61.932,38.0,-2.858,43.5,226.642,1504.458
2024-10-08,12Z,SELECTED,0.0,28.0,80.9,-28.121,39.1,-5.307,45.5,225.281,2372.527
2024-10-09,MISSING,NO_SOUNDING,14.0,27.6,85.7,,,,,,
2024-10-10,MISSING,NO_SOUNDING,22.1,26.6,90.7,,,,,,
2024-10-11,MISSING,NO_SOUNDING,7.4,27.0,86.0,,,,,,
2024-10-12,MISSING,NO_SOUNDING,120.5,26.2,90.5,,,,,,
2024-10-13,MISSING,NO_SOUNDING,26.8,25.8,88.0,,,,,,
2024-10-14,MISSING,NO_SOUNDING,69.0,27.0,76.5,,,,,,
2024-10-15,MISSING,NO_SOUNDING,27.7,25.7,88.6,,,,,,
2024-10-16,MISSING,NO_SOUNDING,0.0,27.8,72.1,,,,,,
2024-10-17,MISSING,NO_SOUNDING,0.0,27.9,78.8,,,,,,
2024-10-18,MISSING,NO_SOUNDING,2.0,28.0,78.4,,,,,,
2024-10-19,MISSING,NO_SOUNDING,0.0,27.9,75.7,,,,,,
2024-10-20,MISSING,NO_SOUNDING,0.0,28.4,78.7,,,,,,
2024-10-21,MISSING,NO_SOUNDING,0.0,27.9,79.7,,,,,,
2024-10-22,MISSING,NO_SOUNDING,0.0,28.6,79.6,,,,,,
2024-10-23,MISSING,NO_SOUNDING,0.0,28.2,78.7,,,,,,
2024-10-24,MISSING,NO_SOUNDING,0.0,27.8,78.2,,,,,,
2024-10-25,MISSING,NO_SOUNDING,0.0,27.9,79.8,,,,,,
2024-10-26,MISSING,NO_SOUNDING,0.0,27.1,73.8,,,,,,
2024-10-27,MISSING,NO_SOUNDING,0.0,27.3,77.1,,,,,,
2024-10-28,MISSING,NO_SOUNDING,,,81.5,,,,,,
2024-10-29,MISSING,NO_SOUNDING,,,,,,,,,
2024-10-30,MISSING,NO_SOUNDING,,,,,,,,,
2024-10-31,MISSING,NO_SOUNDING,,,,,,,,,
2024-11-01,MISSING,NO_SOUNDING,,,,,,,,,
2024-11-02,MISSING,NO_SOUNDING,,,,,,,,,
2024-11-03,MISSING,NO_SOUNDING,,,,,,,,,
2024-11-04,MISSING,NO_SOUNDING,,,,,,,,,
2024-11-05,MISSING,NO_SOUNDING,,,,,,,,,
2024-11-06,MISSING,NO_SOUNDING,,,,,,,,,
2024-11-07,MISSING,NO_SOUNDING,,,,,,,,,
2024-11-08,MISSING,NO_SOUNDING,,,,,,,,,
2024-11-09,MISSING,NO_SOUNDING,,,,,,,,,
2024-11-10,MISSING,NO_SOUNDING,,,,,,,,,
2024-11-11,MISSING,NO_SOUNDING,,,,,,,,,
2024-11-12,MISSING,NO_SOUNDING,,,,,,,,,
2024-11-13,MISSING,NO_SOUNDING,,,,,,,,,
2024-11-14,MISSING,NO_SOUNDING,,,86.8,,,,,,
2024-11-15,MISSING,NO_SOUNDING,38.6,26.6,85.4,,,,,,
2024-11-16,MISSING,NO_SOUNDING,54.7,26.3,88.5,,,,,,
2024-11-17,MISSING,NO_SOUNDING,126.0,26.2,87.8,,,,,,
2024-11-18,MISSING,NO_SOUNDING,27.0,27.1,85.6,,,,,,
2024-11-19,MISSING,NO_SOUNDING,10.0,26.7,85.8,,,,,,
2024-11-20,MISSING,NO_SOUNDING,14.0,27.3,85.0,,,,,,
2024-11-21,MISSING,NO_SOUNDING,5.1,26.9,86.8,,,,,,
2024-11-22,MISSING,NO_SOUNDING,2.7,27.3,82.4,,,,,,
2024-11-23,MISSING,NO_SOUNDING,1.0,27.3,86.3,,,,,,
2024-11-24,MISSING,NO_SOUNDING,2.9,27.2,83.0,,,,,,
2024-11-25,MISSING,NO_SOUNDING,2.7,27.9,81.0,,,,,,
2024-11-26,MISSING,NO_SOUNDING,3.0,28.0,78.1,,,,,,
2024-11-27,MISSING,NO_SOUNDING,3.1,28.0,79.8,,,,,,
2024-11-28,MISSING,NO_SOUNDING,5.4,28.2,83.6,,,,,,
2024-11-29,MISSING,NO_SOUNDING,17.2,27.7,81.5,,,,,,
2024-11-30,MISSING,NO_SOUNDING,0.0,28.0,78.5,,,,,,
2024-12-01,MISSING,NO_SOUNDING,0.0,27.8,78.0,,,,,,
2024-12-02,MISSING,NO_SOUNDING,195.8,25.9,83.2,,,,,,
2024-12-03,MISSING,NO_SOUNDING,19.7,26.0,84.7,,,,,,
2024-12-04,12Z,SELECTED,28.3,26.2,81.5,-24.713,32.1,-0.938,39.0,235.459,445.88
2024-12-05,MISSING,NO_SOUNDING,8.4,25.9,83.5,,,,,,
2024-12-06,12Z,SELECTED,4.0,26.7,81.5,-31.817,34.6,-1.977,41.2,234.241,653.264
2024-12-07,00Z,SELECTED,26.0,25.8,88.8,-82.815,33.7,-0.469,40.0,233.38,87.171
2024-12-08,MISSING,NO_SOUNDING,3.0,26.6,84.9,,,,,,
2024-12-09,MISSING,NO_SOUNDING,6.0,27.9,82.1,,,,,,
2024-12-10,MISSING,NO_SOUNDING,34.2,27.9,80.7,,,,,,
2024-12-11,MISSING,NO_SOUNDING,28.3,25.8,88.6,,,,,,
2024-12-12,00Z,SELECTED,58.7,25.3,89.0,0.0,28.5,0.177,39.2,192.671,0.0
2024-12-13,MISSING,NO_SOUNDING,27.0,25.8,87.6,,,,,,
2024-12-14,MISSING,NO_SOUNDING,5.5,27.1,82.1,,,,,,
2024-12-15,MISSING,NO_SOUNDING,1.0,27.4,83.2,,,,,,
2024-12-16,00Z,SELECTED,2.0,28.1,81.0,-113.002,34.9,-2.321,44.7,222.814,576.63
2024-12-17,MISSING,NO_SOUNDING,0.0,28.8,80.6,,,,,,
2024-12-18,MISSING,NO_SOUNDING,5.0,28.1,82.6,,,,,,
2024-12-19,MISSING,NO_SOUNDING,0.8,27.6,83.7,,,,,,
2024-12-20,MISSING,NO_SOUNDING,0.2,27.4,81.9,,,,,,
2024-12-21,MISSING,NO_SOUNDING,0.0,27.9,79.9,,,,,,
2024-12-22,MISSING,NO_SOUNDING,10.0,28.0,82.0,,,,,,
2024-12-23,MISSING,NO_SOUNDING,107.0,25.5,94.0,,,,,,
2024-12-24,MISSING,NO_SOUNDING,32.0,24.8,93.6,,,,,,
2024-12-25,MISSING,NO_SOUNDING,0.4,27.1,80.8,,,,,,
2024-12-26,MISSING,NO_SOUNDING,0.0,27.7,80.5,,,,,,
2024-12-27,MISSING,NO_SOUNDING,0.0,28.7,79.7,,,,,,
2024-12-28,MISSING,NO_SOUNDING,0.0,28.1,79.4,,,,,,
2024-12-29,MISSING,NO_SOUNDING,0.0,28.2,82.2,,,,,,
2024-12-30,MISSING,NO_SOUNDING,,,91.6,,,,,,
2024-12-31,MISSING,NO_SOUNDING,,28.9,66.6,,,,,,
